--
-- PostgreSQL database dump
--

-- Dumped from database version 10.10 (Ubuntu 10.10-0ubuntu0.18.04.1)
-- Dumped by pg_dump version 10.10 (Ubuntu 10.10-0ubuntu0.18.04.1)

SET statement_timeout = 0;
SET lock_timeout = 0;
SET idle_in_transaction_session_timeout = 0;
SET client_encoding = 'UTF8';
SET standard_conforming_strings = on;
SELECT pg_catalog.set_config('search_path', '', false);
SET check_function_bodies = false;
SET xmloption = content;
SET client_min_messages = warning;
SET row_security = off;

ALTER TABLE ONLY public.yakuri_fields DROP CONSTRAINT yakuri_fields_subject_id_6eaa592b_fk_yakuri_subject_id;
ALTER TABLE ONLY public.yakuri_fields_reltarget DROP CONSTRAINT yakuri_fields_reltarget_target_id_a13a1585_fk_yakuri_target_id;
ALTER TABLE ONLY public.yakuri_fields_reltarget DROP CONSTRAINT yakuri_fields_reltarget_fields_id_1c3c8b75_fk_yakuri_fields_id;
ALTER TABLE ONLY public.yakuri_detail DROP CONSTRAINT yakuri_detail_work_id_090c5360_fk_yakuri_work_id;
ALTER TABLE ONLY public.yakuri_detail_target DROP CONSTRAINT yakuri_detail_target_target_id_a4817269_fk_yakuri_target_id;
ALTER TABLE ONLY public.yakuri_detail_target DROP CONSTRAINT yakuri_detail_target_detail_id_28ffde3f_fk_yakuri_detail_id;
ALTER TABLE ONLY public.yakuri_detail DROP CONSTRAINT yakuri_detail_season_id_cd913b36_fk_yakuri_season_id;
ALTER TABLE ONLY public.yakuri_detail DROP CONSTRAINT yakuri_detail_grade_id_4c1d9abd_fk_yakuri_grade_id;
ALTER TABLE ONLY public.yakuri_detail DROP CONSTRAINT yakuri_detail_field_id_8aa4285f_fk_yakuri_fields_id;
ALTER TABLE ONLY public.django_admin_log DROP CONSTRAINT django_admin_log_user_id_c564eba6_fk_auth_user_id;
ALTER TABLE ONLY public.django_admin_log DROP CONSTRAINT django_admin_log_content_type_id_c4bce8eb_fk_django_co;
ALTER TABLE ONLY public.auth_user_user_permissions DROP CONSTRAINT auth_user_user_permissions_user_id_a95ead1b_fk_auth_user_id;
ALTER TABLE ONLY public.auth_user_user_permissions DROP CONSTRAINT auth_user_user_permi_permission_id_1fbb5f2c_fk_auth_perm;
ALTER TABLE ONLY public.auth_user_groups DROP CONSTRAINT auth_user_groups_user_id_6a12ed8b_fk_auth_user_id;
ALTER TABLE ONLY public.auth_user_groups DROP CONSTRAINT auth_user_groups_group_id_97559544_fk_auth_group_id;
ALTER TABLE ONLY public.auth_permission DROP CONSTRAINT auth_permission_content_type_id_2f476e4b_fk_django_co;
ALTER TABLE ONLY public.auth_group_permissions DROP CONSTRAINT auth_group_permissions_group_id_b120cbf9_fk_auth_group_id;
ALTER TABLE ONLY public.auth_group_permissions DROP CONSTRAINT auth_group_permissio_permission_id_84c5c92e_fk_auth_perm;
DROP INDEX public.yakuri_target_targets_dfa93e81_like;
DROP INDEX public.yakuri_subject_subjects_060d6f16_like;
DROP INDEX public.yakuri_fields_subject_id_6eaa592b;
DROP INDEX public.yakuri_fields_reltarget_target_id_a13a1585;
DROP INDEX public.yakuri_fields_reltarget_fields_id_1c3c8b75;
DROP INDEX public.yakuri_fields_fields_f53c1d3b_like;
DROP INDEX public.yakuri_detail_work_id_090c5360;
DROP INDEX public.yakuri_detail_target_target_id_a4817269;
DROP INDEX public.yakuri_detail_target_detail_id_28ffde3f;
DROP INDEX public.yakuri_detail_season_id_cd913b36;
DROP INDEX public.yakuri_detail_grade_id_4c1d9abd;
DROP INDEX public.yakuri_detail_field_id_8aa4285f;
DROP INDEX public.django_session_session_key_c0390e0f_like;
DROP INDEX public.django_session_expire_date_a5c62663;
DROP INDEX public.django_admin_log_user_id_c564eba6;
DROP INDEX public.django_admin_log_content_type_id_c4bce8eb;
DROP INDEX public.auth_user_username_6821ab7c_like;
DROP INDEX public.auth_user_user_permissions_user_id_a95ead1b;
DROP INDEX public.auth_user_user_permissions_permission_id_1fbb5f2c;
DROP INDEX public.auth_user_groups_user_id_6a12ed8b;
DROP INDEX public.auth_user_groups_group_id_97559544;
DROP INDEX public.auth_permission_content_type_id_2f476e4b;
DROP INDEX public.auth_group_permissions_permission_id_84c5c92e;
DROP INDEX public.auth_group_permissions_group_id_b120cbf9;
DROP INDEX public.auth_group_name_a6ea08ec_like;
ALTER TABLE ONLY public.yakuri_work DROP CONSTRAINT yakuri_work_pkey;
ALTER TABLE ONLY public.yakuri_target DROP CONSTRAINT yakuri_target_targets_key;
ALTER TABLE ONLY public.yakuri_target DROP CONSTRAINT yakuri_target_pkey;
ALTER TABLE ONLY public.yakuri_subject DROP CONSTRAINT yakuri_subject_subjects_key;
ALTER TABLE ONLY public.yakuri_subject DROP CONSTRAINT yakuri_subject_pkey;
ALTER TABLE ONLY public.yakuri_season DROP CONSTRAINT yakuri_season_pkey;
ALTER TABLE ONLY public.yakuri_grade DROP CONSTRAINT yakuri_grade_pkey;
ALTER TABLE ONLY public.yakuri_fields_reltarget DROP CONSTRAINT yakuri_fields_reltarget_pkey;
ALTER TABLE ONLY public.yakuri_fields_reltarget DROP CONSTRAINT yakuri_fields_reltarget_fields_id_target_id_cabaa8d8_uniq;
ALTER TABLE ONLY public.yakuri_fields DROP CONSTRAINT yakuri_fields_pkey;
ALTER TABLE ONLY public.yakuri_fields DROP CONSTRAINT yakuri_fields_fields_key;
ALTER TABLE ONLY public.yakuri_detail_target DROP CONSTRAINT yakuri_detail_target_pkey;
ALTER TABLE ONLY public.yakuri_detail_target DROP CONSTRAINT yakuri_detail_target_detail_id_target_id_50a41c40_uniq;
ALTER TABLE ONLY public.yakuri_detail DROP CONSTRAINT yakuri_detail_pkey;
ALTER TABLE ONLY public.yakuri_fields DROP CONSTRAINT subjects_fields_unique;
ALTER TABLE ONLY public.yakuri_detail DROP CONSTRAINT field_name;
ALTER TABLE ONLY public.django_session DROP CONSTRAINT django_session_pkey;
ALTER TABLE ONLY public.django_migrations DROP CONSTRAINT django_migrations_pkey;
ALTER TABLE ONLY public.django_content_type DROP CONSTRAINT django_content_type_pkey;
ALTER TABLE ONLY public.django_content_type DROP CONSTRAINT django_content_type_app_label_model_76bd3d3b_uniq;
ALTER TABLE ONLY public.django_admin_log DROP CONSTRAINT django_admin_log_pkey;
ALTER TABLE ONLY public.auth_user DROP CONSTRAINT auth_user_username_key;
ALTER TABLE ONLY public.auth_user_user_permissions DROP CONSTRAINT auth_user_user_permissions_user_id_permission_id_14a6b632_uniq;
ALTER TABLE ONLY public.auth_user_user_permissions DROP CONSTRAINT auth_user_user_permissions_pkey;
ALTER TABLE ONLY public.auth_user DROP CONSTRAINT auth_user_pkey;
ALTER TABLE ONLY public.auth_user_groups DROP CONSTRAINT auth_user_groups_user_id_group_id_94350c0c_uniq;
ALTER TABLE ONLY public.auth_user_groups DROP CONSTRAINT auth_user_groups_pkey;
ALTER TABLE ONLY public.auth_permission DROP CONSTRAINT auth_permission_pkey;
ALTER TABLE ONLY public.auth_permission DROP CONSTRAINT auth_permission_content_type_id_codename_01ab375a_uniq;
ALTER TABLE ONLY public.auth_group DROP CONSTRAINT auth_group_pkey;
ALTER TABLE ONLY public.auth_group_permissions DROP CONSTRAINT auth_group_permissions_pkey;
ALTER TABLE ONLY public.auth_group_permissions DROP CONSTRAINT auth_group_permissions_group_id_permission_id_0cd325b0_uniq;
ALTER TABLE ONLY public.auth_group DROP CONSTRAINT auth_group_name_key;
ALTER TABLE public.yakuri_work ALTER COLUMN id DROP DEFAULT;
ALTER TABLE public.yakuri_target ALTER COLUMN id DROP DEFAULT;
ALTER TABLE public.yakuri_subject ALTER COLUMN id DROP DEFAULT;
ALTER TABLE public.yakuri_season ALTER COLUMN id DROP DEFAULT;
ALTER TABLE public.yakuri_grade ALTER COLUMN id DROP DEFAULT;
ALTER TABLE public.yakuri_fields_reltarget ALTER COLUMN id DROP DEFAULT;
ALTER TABLE public.yakuri_fields ALTER COLUMN id DROP DEFAULT;
ALTER TABLE public.yakuri_detail_target ALTER COLUMN id DROP DEFAULT;
ALTER TABLE public.yakuri_detail ALTER COLUMN id DROP DEFAULT;
ALTER TABLE public.django_migrations ALTER COLUMN id DROP DEFAULT;
ALTER TABLE public.django_content_type ALTER COLUMN id DROP DEFAULT;
ALTER TABLE public.django_admin_log ALTER COLUMN id DROP DEFAULT;
ALTER TABLE public.auth_user_user_permissions ALTER COLUMN id DROP DEFAULT;
ALTER TABLE public.auth_user_groups ALTER COLUMN id DROP DEFAULT;
ALTER TABLE public.auth_user ALTER COLUMN id DROP DEFAULT;
ALTER TABLE public.auth_permission ALTER COLUMN id DROP DEFAULT;
ALTER TABLE public.auth_group_permissions ALTER COLUMN id DROP DEFAULT;
ALTER TABLE public.auth_group ALTER COLUMN id DROP DEFAULT;
DROP SEQUENCE public.yakuri_work_id_seq;
DROP TABLE public.yakuri_work;
DROP SEQUENCE public.yakuri_target_id_seq;
DROP TABLE public.yakuri_target;
DROP SEQUENCE public.yakuri_subject_id_seq;
DROP TABLE public.yakuri_subject;
DROP SEQUENCE public.yakuri_season_id_seq;
DROP TABLE public.yakuri_season;
DROP SEQUENCE public.yakuri_grade_id_seq;
DROP TABLE public.yakuri_grade;
DROP SEQUENCE public.yakuri_fields_reltarget_id_seq;
DROP TABLE public.yakuri_fields_reltarget;
DROP SEQUENCE public.yakuri_fields_id_seq;
DROP TABLE public.yakuri_fields;
DROP SEQUENCE public.yakuri_detail_target_id_seq;
DROP TABLE public.yakuri_detail_target;
DROP SEQUENCE public.yakuri_detail_id_seq;
DROP TABLE public.yakuri_detail;
DROP TABLE public.django_session;
DROP SEQUENCE public.django_migrations_id_seq;
DROP TABLE public.django_migrations;
DROP SEQUENCE public.django_content_type_id_seq;
DROP TABLE public.django_content_type;
DROP SEQUENCE public.django_admin_log_id_seq;
DROP TABLE public.django_admin_log;
DROP SEQUENCE public.auth_user_user_permissions_id_seq;
DROP TABLE public.auth_user_user_permissions;
DROP SEQUENCE public.auth_user_id_seq;
DROP SEQUENCE public.auth_user_groups_id_seq;
DROP TABLE public.auth_user_groups;
DROP TABLE public.auth_user;
DROP SEQUENCE public.auth_permission_id_seq;
DROP TABLE public.auth_permission;
DROP SEQUENCE public.auth_group_permissions_id_seq;
DROP TABLE public.auth_group_permissions;
DROP SEQUENCE public.auth_group_id_seq;
DROP TABLE public.auth_group;
DROP EXTENSION plpgsql;
DROP SCHEMA public;
--
-- Name: public; Type: SCHEMA; Schema: -; Owner: postgres
--

CREATE SCHEMA public;


ALTER SCHEMA public OWNER TO postgres;

--
-- Name: SCHEMA public; Type: COMMENT; Schema: -; Owner: postgres
--

COMMENT ON SCHEMA public IS 'standard public schema';


--
-- Name: plpgsql; Type: EXTENSION; Schema: -; Owner: 
--

CREATE EXTENSION IF NOT EXISTS plpgsql WITH SCHEMA pg_catalog;


--
-- Name: EXTENSION plpgsql; Type: COMMENT; Schema: -; Owner: 
--

COMMENT ON EXTENSION plpgsql IS 'PL/pgSQL procedural language';


SET default_tablespace = '';

SET default_with_oids = false;

--
-- Name: auth_group; Type: TABLE; Schema: public; Owner: postgres
--

CREATE TABLE public.auth_group (
    id integer NOT NULL,
    name character varying(150) NOT NULL
);


ALTER TABLE public.auth_group OWNER TO postgres;

--
-- Name: auth_group_id_seq; Type: SEQUENCE; Schema: public; Owner: postgres
--

CREATE SEQUENCE public.auth_group_id_seq
    AS integer
    START WITH 1
    INCREMENT BY 1
    NO MINVALUE
    NO MAXVALUE
    CACHE 1;


ALTER TABLE public.auth_group_id_seq OWNER TO postgres;

--
-- Name: auth_group_id_seq; Type: SEQUENCE OWNED BY; Schema: public; Owner: postgres
--

ALTER SEQUENCE public.auth_group_id_seq OWNED BY public.auth_group.id;


--
-- Name: auth_group_permissions; Type: TABLE; Schema: public; Owner: postgres
--

CREATE TABLE public.auth_group_permissions (
    id integer NOT NULL,
    group_id integer NOT NULL,
    permission_id integer NOT NULL
);


ALTER TABLE public.auth_group_permissions OWNER TO postgres;

--
-- Name: auth_group_permissions_id_seq; Type: SEQUENCE; Schema: public; Owner: postgres
--

CREATE SEQUENCE public.auth_group_permissions_id_seq
    AS integer
    START WITH 1
    INCREMENT BY 1
    NO MINVALUE
    NO MAXVALUE
    CACHE 1;


ALTER TABLE public.auth_group_permissions_id_seq OWNER TO postgres;

--
-- Name: auth_group_permissions_id_seq; Type: SEQUENCE OWNED BY; Schema: public; Owner: postgres
--

ALTER SEQUENCE public.auth_group_permissions_id_seq OWNED BY public.auth_group_permissions.id;


--
-- Name: auth_permission; Type: TABLE; Schema: public; Owner: postgres
--

CREATE TABLE public.auth_permission (
    id integer NOT NULL,
    name character varying(255) NOT NULL,
    content_type_id integer NOT NULL,
    codename character varying(100) NOT NULL
);


ALTER TABLE public.auth_permission OWNER TO postgres;

--
-- Name: auth_permission_id_seq; Type: SEQUENCE; Schema: public; Owner: postgres
--

CREATE SEQUENCE public.auth_permission_id_seq
    AS integer
    START WITH 1
    INCREMENT BY 1
    NO MINVALUE
    NO MAXVALUE
    CACHE 1;


ALTER TABLE public.auth_permission_id_seq OWNER TO postgres;

--
-- Name: auth_permission_id_seq; Type: SEQUENCE OWNED BY; Schema: public; Owner: postgres
--

ALTER SEQUENCE public.auth_permission_id_seq OWNED BY public.auth_permission.id;


--
-- Name: auth_user; Type: TABLE; Schema: public; Owner: postgres
--

CREATE TABLE public.auth_user (
    id integer NOT NULL,
    password character varying(128) NOT NULL,
    last_login timestamp with time zone,
    is_superuser boolean NOT NULL,
    username character varying(150) NOT NULL,
    first_name character varying(30) NOT NULL,
    last_name character varying(150) NOT NULL,
    email character varying(254) NOT NULL,
    is_staff boolean NOT NULL,
    is_active boolean NOT NULL,
    date_joined timestamp with time zone NOT NULL
);


ALTER TABLE public.auth_user OWNER TO postgres;

--
-- Name: auth_user_groups; Type: TABLE; Schema: public; Owner: postgres
--

CREATE TABLE public.auth_user_groups (
    id integer NOT NULL,
    user_id integer NOT NULL,
    group_id integer NOT NULL
);


ALTER TABLE public.auth_user_groups OWNER TO postgres;

--
-- Name: auth_user_groups_id_seq; Type: SEQUENCE; Schema: public; Owner: postgres
--

CREATE SEQUENCE public.auth_user_groups_id_seq
    AS integer
    START WITH 1
    INCREMENT BY 1
    NO MINVALUE
    NO MAXVALUE
    CACHE 1;


ALTER TABLE public.auth_user_groups_id_seq OWNER TO postgres;

--
-- Name: auth_user_groups_id_seq; Type: SEQUENCE OWNED BY; Schema: public; Owner: postgres
--

ALTER SEQUENCE public.auth_user_groups_id_seq OWNED BY public.auth_user_groups.id;


--
-- Name: auth_user_id_seq; Type: SEQUENCE; Schema: public; Owner: postgres
--

CREATE SEQUENCE public.auth_user_id_seq
    AS integer
    START WITH 1
    INCREMENT BY 1
    NO MINVALUE
    NO MAXVALUE
    CACHE 1;


ALTER TABLE public.auth_user_id_seq OWNER TO postgres;

--
-- Name: auth_user_id_seq; Type: SEQUENCE OWNED BY; Schema: public; Owner: postgres
--

ALTER SEQUENCE public.auth_user_id_seq OWNED BY public.auth_user.id;


--
-- Name: auth_user_user_permissions; Type: TABLE; Schema: public; Owner: postgres
--

CREATE TABLE public.auth_user_user_permissions (
    id integer NOT NULL,
    user_id integer NOT NULL,
    permission_id integer NOT NULL
);


ALTER TABLE public.auth_user_user_permissions OWNER TO postgres;

--
-- Name: auth_user_user_permissions_id_seq; Type: SEQUENCE; Schema: public; Owner: postgres
--

CREATE SEQUENCE public.auth_user_user_permissions_id_seq
    AS integer
    START WITH 1
    INCREMENT BY 1
    NO MINVALUE
    NO MAXVALUE
    CACHE 1;


ALTER TABLE public.auth_user_user_permissions_id_seq OWNER TO postgres;

--
-- Name: auth_user_user_permissions_id_seq; Type: SEQUENCE OWNED BY; Schema: public; Owner: postgres
--

ALTER SEQUENCE public.auth_user_user_permissions_id_seq OWNED BY public.auth_user_user_permissions.id;


--
-- Name: django_admin_log; Type: TABLE; Schema: public; Owner: postgres
--

CREATE TABLE public.django_admin_log (
    id integer NOT NULL,
    action_time timestamp with time zone NOT NULL,
    object_id text,
    object_repr character varying(200) NOT NULL,
    action_flag smallint NOT NULL,
    change_message text NOT NULL,
    content_type_id integer,
    user_id integer NOT NULL,
    CONSTRAINT django_admin_log_action_flag_check CHECK ((action_flag >= 0))
);


ALTER TABLE public.django_admin_log OWNER TO postgres;

--
-- Name: django_admin_log_id_seq; Type: SEQUENCE; Schema: public; Owner: postgres
--

CREATE SEQUENCE public.django_admin_log_id_seq
    AS integer
    START WITH 1
    INCREMENT BY 1
    NO MINVALUE
    NO MAXVALUE
    CACHE 1;


ALTER TABLE public.django_admin_log_id_seq OWNER TO postgres;

--
-- Name: django_admin_log_id_seq; Type: SEQUENCE OWNED BY; Schema: public; Owner: postgres
--

ALTER SEQUENCE public.django_admin_log_id_seq OWNED BY public.django_admin_log.id;


--
-- Name: django_content_type; Type: TABLE; Schema: public; Owner: postgres
--

CREATE TABLE public.django_content_type (
    id integer NOT NULL,
    app_label character varying(100) NOT NULL,
    model character varying(100) NOT NULL
);


ALTER TABLE public.django_content_type OWNER TO postgres;

--
-- Name: django_content_type_id_seq; Type: SEQUENCE; Schema: public; Owner: postgres
--

CREATE SEQUENCE public.django_content_type_id_seq
    AS integer
    START WITH 1
    INCREMENT BY 1
    NO MINVALUE
    NO MAXVALUE
    CACHE 1;


ALTER TABLE public.django_content_type_id_seq OWNER TO postgres;

--
-- Name: django_content_type_id_seq; Type: SEQUENCE OWNED BY; Schema: public; Owner: postgres
--

ALTER SEQUENCE public.django_content_type_id_seq OWNED BY public.django_content_type.id;


--
-- Name: django_migrations; Type: TABLE; Schema: public; Owner: postgres
--

CREATE TABLE public.django_migrations (
    id integer NOT NULL,
    app character varying(255) NOT NULL,
    name character varying(255) NOT NULL,
    applied timestamp with time zone NOT NULL
);


ALTER TABLE public.django_migrations OWNER TO postgres;

--
-- Name: django_migrations_id_seq; Type: SEQUENCE; Schema: public; Owner: postgres
--

CREATE SEQUENCE public.django_migrations_id_seq
    AS integer
    START WITH 1
    INCREMENT BY 1
    NO MINVALUE
    NO MAXVALUE
    CACHE 1;


ALTER TABLE public.django_migrations_id_seq OWNER TO postgres;

--
-- Name: django_migrations_id_seq; Type: SEQUENCE OWNED BY; Schema: public; Owner: postgres
--

ALTER SEQUENCE public.django_migrations_id_seq OWNED BY public.django_migrations.id;


--
-- Name: django_session; Type: TABLE; Schema: public; Owner: postgres
--

CREATE TABLE public.django_session (
    session_key character varying(40) NOT NULL,
    session_data text NOT NULL,
    expire_date timestamp with time zone NOT NULL
);


ALTER TABLE public.django_session OWNER TO postgres;

--
-- Name: yakuri_detail; Type: TABLE; Schema: public; Owner: postgres
--

CREATE TABLE public.yakuri_detail (
    id integer NOT NULL,
    name character varying(25) NOT NULL,
    detail text,
    structure character varying(100),
    studynum integer,
    field_id integer NOT NULL,
    grade_id integer NOT NULL,
    season_id integer NOT NULL,
    work_id integer NOT NULL,
    question text,
    blandname character varying(15)
);


ALTER TABLE public.yakuri_detail OWNER TO postgres;

--
-- Name: yakuri_detail_id_seq; Type: SEQUENCE; Schema: public; Owner: postgres
--

CREATE SEQUENCE public.yakuri_detail_id_seq
    AS integer
    START WITH 1
    INCREMENT BY 1
    NO MINVALUE
    NO MAXVALUE
    CACHE 1;


ALTER TABLE public.yakuri_detail_id_seq OWNER TO postgres;

--
-- Name: yakuri_detail_id_seq; Type: SEQUENCE OWNED BY; Schema: public; Owner: postgres
--

ALTER SEQUENCE public.yakuri_detail_id_seq OWNED BY public.yakuri_detail.id;


--
-- Name: yakuri_detail_target; Type: TABLE; Schema: public; Owner: postgres
--

CREATE TABLE public.yakuri_detail_target (
    id integer NOT NULL,
    detail_id integer NOT NULL,
    target_id integer NOT NULL
);


ALTER TABLE public.yakuri_detail_target OWNER TO postgres;

--
-- Name: yakuri_detail_target_id_seq; Type: SEQUENCE; Schema: public; Owner: postgres
--

CREATE SEQUENCE public.yakuri_detail_target_id_seq
    AS integer
    START WITH 1
    INCREMENT BY 1
    NO MINVALUE
    NO MAXVALUE
    CACHE 1;


ALTER TABLE public.yakuri_detail_target_id_seq OWNER TO postgres;

--
-- Name: yakuri_detail_target_id_seq; Type: SEQUENCE OWNED BY; Schema: public; Owner: postgres
--

ALTER SEQUENCE public.yakuri_detail_target_id_seq OWNED BY public.yakuri_detail_target.id;


--
-- Name: yakuri_fields; Type: TABLE; Schema: public; Owner: postgres
--

CREATE TABLE public.yakuri_fields (
    id integer NOT NULL,
    fields character varying(25) NOT NULL,
    descriptione text,
    subject_id integer NOT NULL,
    fieldsnum integer
);


ALTER TABLE public.yakuri_fields OWNER TO postgres;

--
-- Name: yakuri_fields_id_seq; Type: SEQUENCE; Schema: public; Owner: postgres
--

CREATE SEQUENCE public.yakuri_fields_id_seq
    AS integer
    START WITH 1
    INCREMENT BY 1
    NO MINVALUE
    NO MAXVALUE
    CACHE 1;


ALTER TABLE public.yakuri_fields_id_seq OWNER TO postgres;

--
-- Name: yakuri_fields_id_seq; Type: SEQUENCE OWNED BY; Schema: public; Owner: postgres
--

ALTER SEQUENCE public.yakuri_fields_id_seq OWNED BY public.yakuri_fields.id;


--
-- Name: yakuri_fields_reltarget; Type: TABLE; Schema: public; Owner: postgres
--

CREATE TABLE public.yakuri_fields_reltarget (
    id integer NOT NULL,
    fields_id integer NOT NULL,
    target_id integer NOT NULL
);


ALTER TABLE public.yakuri_fields_reltarget OWNER TO postgres;

--
-- Name: yakuri_fields_reltarget_id_seq; Type: SEQUENCE; Schema: public; Owner: postgres
--

CREATE SEQUENCE public.yakuri_fields_reltarget_id_seq
    AS integer
    START WITH 1
    INCREMENT BY 1
    NO MINVALUE
    NO MAXVALUE
    CACHE 1;


ALTER TABLE public.yakuri_fields_reltarget_id_seq OWNER TO postgres;

--
-- Name: yakuri_fields_reltarget_id_seq; Type: SEQUENCE OWNED BY; Schema: public; Owner: postgres
--

ALTER SEQUENCE public.yakuri_fields_reltarget_id_seq OWNED BY public.yakuri_fields_reltarget.id;


--
-- Name: yakuri_grade; Type: TABLE; Schema: public; Owner: postgres
--

CREATE TABLE public.yakuri_grade (
    id integer NOT NULL,
    grades character varying(10) NOT NULL
);


ALTER TABLE public.yakuri_grade OWNER TO postgres;

--
-- Name: yakuri_grade_id_seq; Type: SEQUENCE; Schema: public; Owner: postgres
--

CREATE SEQUENCE public.yakuri_grade_id_seq
    AS integer
    START WITH 1
    INCREMENT BY 1
    NO MINVALUE
    NO MAXVALUE
    CACHE 1;


ALTER TABLE public.yakuri_grade_id_seq OWNER TO postgres;

--
-- Name: yakuri_grade_id_seq; Type: SEQUENCE OWNED BY; Schema: public; Owner: postgres
--

ALTER SEQUENCE public.yakuri_grade_id_seq OWNED BY public.yakuri_grade.id;


--
-- Name: yakuri_season; Type: TABLE; Schema: public; Owner: postgres
--

CREATE TABLE public.yakuri_season (
    id integer NOT NULL,
    seasons character varying(5) NOT NULL
);


ALTER TABLE public.yakuri_season OWNER TO postgres;

--
-- Name: yakuri_season_id_seq; Type: SEQUENCE; Schema: public; Owner: postgres
--

CREATE SEQUENCE public.yakuri_season_id_seq
    AS integer
    START WITH 1
    INCREMENT BY 1
    NO MINVALUE
    NO MAXVALUE
    CACHE 1;


ALTER TABLE public.yakuri_season_id_seq OWNER TO postgres;

--
-- Name: yakuri_season_id_seq; Type: SEQUENCE OWNED BY; Schema: public; Owner: postgres
--

ALTER SEQUENCE public.yakuri_season_id_seq OWNED BY public.yakuri_season.id;


--
-- Name: yakuri_subject; Type: TABLE; Schema: public; Owner: postgres
--

CREATE TABLE public.yakuri_subject (
    id integer NOT NULL,
    subjects character varying(10) NOT NULL,
    subinfo text,
    subjectsnum integer
);


ALTER TABLE public.yakuri_subject OWNER TO postgres;

--
-- Name: yakuri_subject_id_seq; Type: SEQUENCE; Schema: public; Owner: postgres
--

CREATE SEQUENCE public.yakuri_subject_id_seq
    AS integer
    START WITH 1
    INCREMENT BY 1
    NO MINVALUE
    NO MAXVALUE
    CACHE 1;


ALTER TABLE public.yakuri_subject_id_seq OWNER TO postgres;

--
-- Name: yakuri_subject_id_seq; Type: SEQUENCE OWNED BY; Schema: public; Owner: postgres
--

ALTER SEQUENCE public.yakuri_subject_id_seq OWNED BY public.yakuri_subject.id;


--
-- Name: yakuri_target; Type: TABLE; Schema: public; Owner: postgres
--

CREATE TABLE public.yakuri_target (
    id integer NOT NULL,
    targets character varying(35) NOT NULL,
    phsiologic text,
    targetsnum integer
);


ALTER TABLE public.yakuri_target OWNER TO postgres;

--
-- Name: yakuri_target_id_seq; Type: SEQUENCE; Schema: public; Owner: postgres
--

CREATE SEQUENCE public.yakuri_target_id_seq
    AS integer
    START WITH 1
    INCREMENT BY 1
    NO MINVALUE
    NO MAXVALUE
    CACHE 1;


ALTER TABLE public.yakuri_target_id_seq OWNER TO postgres;

--
-- Name: yakuri_target_id_seq; Type: SEQUENCE OWNED BY; Schema: public; Owner: postgres
--

ALTER SEQUENCE public.yakuri_target_id_seq OWNED BY public.yakuri_target.id;


--
-- Name: yakuri_work; Type: TABLE; Schema: public; Owner: postgres
--

CREATE TABLE public.yakuri_work (
    id integer NOT NULL,
    works character varying(25) NOT NULL,
    worknum integer
);


ALTER TABLE public.yakuri_work OWNER TO postgres;

--
-- Name: yakuri_work_id_seq; Type: SEQUENCE; Schema: public; Owner: postgres
--

CREATE SEQUENCE public.yakuri_work_id_seq
    AS integer
    START WITH 1
    INCREMENT BY 1
    NO MINVALUE
    NO MAXVALUE
    CACHE 1;


ALTER TABLE public.yakuri_work_id_seq OWNER TO postgres;

--
-- Name: yakuri_work_id_seq; Type: SEQUENCE OWNED BY; Schema: public; Owner: postgres
--

ALTER SEQUENCE public.yakuri_work_id_seq OWNED BY public.yakuri_work.id;


--
-- Name: auth_group id; Type: DEFAULT; Schema: public; Owner: postgres
--

ALTER TABLE ONLY public.auth_group ALTER COLUMN id SET DEFAULT nextval('public.auth_group_id_seq'::regclass);


--
-- Name: auth_group_permissions id; Type: DEFAULT; Schema: public; Owner: postgres
--

ALTER TABLE ONLY public.auth_group_permissions ALTER COLUMN id SET DEFAULT nextval('public.auth_group_permissions_id_seq'::regclass);


--
-- Name: auth_permission id; Type: DEFAULT; Schema: public; Owner: postgres
--

ALTER TABLE ONLY public.auth_permission ALTER COLUMN id SET DEFAULT nextval('public.auth_permission_id_seq'::regclass);


--
-- Name: auth_user id; Type: DEFAULT; Schema: public; Owner: postgres
--

ALTER TABLE ONLY public.auth_user ALTER COLUMN id SET DEFAULT nextval('public.auth_user_id_seq'::regclass);


--
-- Name: auth_user_groups id; Type: DEFAULT; Schema: public; Owner: postgres
--

ALTER TABLE ONLY public.auth_user_groups ALTER COLUMN id SET DEFAULT nextval('public.auth_user_groups_id_seq'::regclass);


--
-- Name: auth_user_user_permissions id; Type: DEFAULT; Schema: public; Owner: postgres
--

ALTER TABLE ONLY public.auth_user_user_permissions ALTER COLUMN id SET DEFAULT nextval('public.auth_user_user_permissions_id_seq'::regclass);


--
-- Name: django_admin_log id; Type: DEFAULT; Schema: public; Owner: postgres
--

ALTER TABLE ONLY public.django_admin_log ALTER COLUMN id SET DEFAULT nextval('public.django_admin_log_id_seq'::regclass);


--
-- Name: django_content_type id; Type: DEFAULT; Schema: public; Owner: postgres
--

ALTER TABLE ONLY public.django_content_type ALTER COLUMN id SET DEFAULT nextval('public.django_content_type_id_seq'::regclass);


--
-- Name: django_migrations id; Type: DEFAULT; Schema: public; Owner: postgres
--

ALTER TABLE ONLY public.django_migrations ALTER COLUMN id SET DEFAULT nextval('public.django_migrations_id_seq'::regclass);


--
-- Name: yakuri_detail id; Type: DEFAULT; Schema: public; Owner: postgres
--

ALTER TABLE ONLY public.yakuri_detail ALTER COLUMN id SET DEFAULT nextval('public.yakuri_detail_id_seq'::regclass);


--
-- Name: yakuri_detail_target id; Type: DEFAULT; Schema: public; Owner: postgres
--

ALTER TABLE ONLY public.yakuri_detail_target ALTER COLUMN id SET DEFAULT nextval('public.yakuri_detail_target_id_seq'::regclass);


--
-- Name: yakuri_fields id; Type: DEFAULT; Schema: public; Owner: postgres
--

ALTER TABLE ONLY public.yakuri_fields ALTER COLUMN id SET DEFAULT nextval('public.yakuri_fields_id_seq'::regclass);


--
-- Name: yakuri_fields_reltarget id; Type: DEFAULT; Schema: public; Owner: postgres
--

ALTER TABLE ONLY public.yakuri_fields_reltarget ALTER COLUMN id SET DEFAULT nextval('public.yakuri_fields_reltarget_id_seq'::regclass);


--
-- Name: yakuri_grade id; Type: DEFAULT; Schema: public; Owner: postgres
--

ALTER TABLE ONLY public.yakuri_grade ALTER COLUMN id SET DEFAULT nextval('public.yakuri_grade_id_seq'::regclass);


--
-- Name: yakuri_season id; Type: DEFAULT; Schema: public; Owner: postgres
--

ALTER TABLE ONLY public.yakuri_season ALTER COLUMN id SET DEFAULT nextval('public.yakuri_season_id_seq'::regclass);


--
-- Name: yakuri_subject id; Type: DEFAULT; Schema: public; Owner: postgres
--

ALTER TABLE ONLY public.yakuri_subject ALTER COLUMN id SET DEFAULT nextval('public.yakuri_subject_id_seq'::regclass);


--
-- Name: yakuri_target id; Type: DEFAULT; Schema: public; Owner: postgres
--

ALTER TABLE ONLY public.yakuri_target ALTER COLUMN id SET DEFAULT nextval('public.yakuri_target_id_seq'::regclass);


--
-- Name: yakuri_work id; Type: DEFAULT; Schema: public; Owner: postgres
--

ALTER TABLE ONLY public.yakuri_work ALTER COLUMN id SET DEFAULT nextval('public.yakuri_work_id_seq'::regclass);


--
-- Data for Name: auth_group; Type: TABLE DATA; Schema: public; Owner: postgres
--

COPY public.auth_group (id, name) FROM stdin;
\.


--
-- Data for Name: auth_group_permissions; Type: TABLE DATA; Schema: public; Owner: postgres
--

COPY public.auth_group_permissions (id, group_id, permission_id) FROM stdin;
\.


--
-- Data for Name: auth_permission; Type: TABLE DATA; Schema: public; Owner: postgres
--

COPY public.auth_permission (id, name, content_type_id, codename) FROM stdin;
1	Can add log entry	1	add_logentry
2	Can change log entry	1	change_logentry
3	Can delete log entry	1	delete_logentry
4	Can view log entry	1	view_logentry
5	Can add permission	2	add_permission
6	Can change permission	2	change_permission
7	Can delete permission	2	delete_permission
8	Can view permission	2	view_permission
9	Can add group	3	add_group
10	Can change group	3	change_group
11	Can delete group	3	delete_group
12	Can view group	3	view_group
13	Can add user	4	add_user
14	Can change user	4	change_user
15	Can delete user	4	delete_user
16	Can view user	4	view_user
17	Can add content type	5	add_contenttype
18	Can change content type	5	change_contenttype
19	Can delete content type	5	delete_contenttype
20	Can view content type	5	view_contenttype
21	Can add session	6	add_session
22	Can change session	6	change_session
23	Can delete session	6	delete_session
24	Can view session	6	view_session
25	Can add grade	7	add_grade
26	Can change grade	7	change_grade
27	Can delete grade	7	delete_grade
28	Can view grade	7	view_grade
29	Can add season	8	add_season
30	Can change season	8	change_season
31	Can delete season	8	delete_season
32	Can view season	8	view_season
33	Can add subject	9	add_subject
34	Can change subject	9	change_subject
35	Can delete subject	9	delete_subject
36	Can view subject	9	view_subject
37	Can add target	10	add_target
38	Can change target	10	change_target
39	Can delete target	10	delete_target
40	Can view target	10	view_target
41	Can add work	11	add_work
42	Can change work	11	change_work
43	Can delete work	11	delete_work
44	Can view work	11	view_work
45	Can add fields	12	add_fields
46	Can change fields	12	change_fields
47	Can delete fields	12	delete_fields
48	Can view fields	12	view_fields
49	Can add detail	13	add_detail
50	Can change detail	13	change_detail
51	Can delete detail	13	delete_detail
52	Can view detail	13	view_detail
\.


--
-- Data for Name: auth_user; Type: TABLE DATA; Schema: public; Owner: postgres
--

COPY public.auth_user (id, password, last_login, is_superuser, username, first_name, last_name, email, is_staff, is_active, date_joined) FROM stdin;
1	pbkdf2_sha256$180000$mboKrjvRDViz$rkH10rd+oMZ6w5KBggraV1uBF0LphTu6xcqGkcIEzqI=	2021-05-05 08:17:48.267282+00	t	poteto1212			test@gmail.com	t	t	2021-05-05 08:17:23.138121+00
\.


--
-- Data for Name: auth_user_groups; Type: TABLE DATA; Schema: public; Owner: postgres
--

COPY public.auth_user_groups (id, user_id, group_id) FROM stdin;
\.


--
-- Data for Name: auth_user_user_permissions; Type: TABLE DATA; Schema: public; Owner: postgres
--

COPY public.auth_user_user_permissions (id, user_id, permission_id) FROM stdin;
\.


--
-- Data for Name: django_admin_log; Type: TABLE DATA; Schema: public; Owner: postgres
--

COPY public.django_admin_log (id, action_time, object_id, object_repr, action_flag, change_message, content_type_id, user_id) FROM stdin;
1	2021-05-05 08:18:35.514685+00	1	薬理学Ⅰ	1	[{"added": {}}]	9	1
2	2021-05-05 08:18:50.475322+00	1	薬理学序論	2	[{"changed": {"fields": ["\\u8b1b\\u7fa9\\u540d"]}}]	9	1
3	2021-05-05 08:19:21.914349+00	2	薬理学Ⅰ	1	[{"added": {}}]	9	1
4	2021-05-05 08:19:45.082205+00	3	薬理学Ⅱ	1	[{"added": {}}]	9	1
5	2021-05-05 08:19:58.51539+00	4	薬理学Ⅲ	1	[{"added": {}}]	9	1
6	2021-05-05 08:20:03.280057+00	4	薬理学Ⅲ	2	[]	9	1
7	2021-05-05 08:20:51.539316+00	5	微生物学Ⅱ	1	[{"added": {}}]	9	1
8	2021-05-05 08:21:59.388134+00	1	2年生	1	[{"added": {}}]	7	1
9	2021-05-05 08:22:01.998643+00	1	2年生	2	[]	7	1
10	2021-05-05 08:22:08.937106+00	2	3年生	1	[{"added": {}}]	7	1
11	2021-05-05 08:22:23.487661+00	1	刺激	1	[{"added": {}}]	11	1
12	2021-05-05 08:22:30.028917+00	2	遮断	1	[{"added": {}}]	11	1
13	2021-05-05 08:22:36.666695+00	3	酵素活性化	1	[{"added": {}}]	11	1
14	2021-05-05 08:22:43.357074+00	4	酵素阻害	1	[{"added": {}}]	11	1
15	2021-05-05 08:23:06.779352+00	5	なし	1	[{"added": {}}]	11	1
16	2021-05-05 08:23:37.32127+00	1	前期(春)	1	[{"added": {}}]	8	1
17	2021-05-05 08:23:44.645212+00	2	後期(秋)	1	[{"added": {}}]	8	1
18	2021-05-05 08:24:18.857555+00	1	抗ヒスタミン薬(薬理学序論)	1	[{"added": {}}]	12	1
19	2021-05-05 08:26:13.819238+00	1	ヒスタミンH1受容体	1	[{"added": {}}]	10	1
20	2021-05-05 08:26:47.28741+00	1	クロルフェニラミン	1	[{"added": {}}]	13	1
21	2021-05-05 08:27:12.777898+00	2	ジフェンヒドラミン	1	[{"added": {}}]	13	1
22	2021-05-05 08:27:51.167431+00	3	ジメンヒドリナート	1	[{"added": {}}]	13	1
23	2021-05-05 08:28:31.647356+00	4	メキタジン	1	[{"added": {}}]	13	1
24	2021-05-05 08:28:44.080099+00	5	エピナスチン	1	[{"added": {}}]	13	1
25	2021-05-05 08:28:57.083739+00	6	フェキソフェナジン	1	[{"added": {}}]	13	1
26	2021-05-05 08:31:34.010514+00	7	ケトチフェン	1	[{"added": {}}]	13	1
27	2021-05-05 08:31:45.880933+00	8	アゼラスチン	1	[{"added": {}}]	13	1
28	2021-05-05 08:31:55.378887+00	9	オキサトミド	1	[{"added": {}}]	13	1
29	2021-05-05 08:32:18.465961+00	2	ヒスタミンH2受容体	1	[{"added": {}}]	10	1
30	2021-05-05 08:32:30.075269+00	10	シメチジン	1	[{"added": {}}]	13	1
31	2021-05-05 08:32:38.905063+00	11	ファモチジン	1	[{"added": {}}]	13	1
32	2021-05-05 08:32:58.329892+00	2	交感神経関連薬(序論)	1	[{"added": {}}]	12	1
33	2021-05-05 08:33:26.856079+00	3	アドレナリンα受容体(非選択的)	1	[{"added": {}}]	10	1
34	2021-05-05 08:33:56.61815+00	12	ナファゾリン	1	[{"added": {}}]	13	1
35	2021-05-05 08:34:20.158337+00	4	アドレナリンα１受容体	1	[{"added": {}}]	10	1
36	2021-05-05 08:34:45.240953+00	13	ミドドリン	1	[{"added": {}}]	13	1
60	2021-05-05 08:36:47.986342+00	41	フェニレフリン	1	[{"added": {}}]	13	1
61	2021-05-05 08:37:16.357086+00	41	ジピぺフリン	2	[{"changed": {"fields": ["\\u85ac\\u7269\\u540d", "\\u7279\\u5fb4\\u30fb\\u8aac\\u660e"]}}]	13	1
62	2021-05-05 08:37:54.90554+00	42	フェニレフリン	1	[{"added": {}}]	13	1
63	2021-05-05 08:38:11.733008+00	12	ナファゾリン	2	[{"changed": {"fields": ["\\u4f5c\\u7528\\u306e\\u4ed5\\u65b9"]}}]	13	1
64	2021-05-05 08:46:42.53244+00	42	フェニレフリン	2	[{"changed": {"fields": ["\\u8868\\u793a\\u9806\\u5e8f"]}}]	13	1
65	2021-05-05 08:46:42.538912+00	41	ジピぺフリン	2	[{"changed": {"fields": ["\\u8868\\u793a\\u9806\\u5e8f"]}}]	13	1
66	2021-05-05 08:49:26.756857+00	3	ジメンヒドリナート	2	[{"changed": {"fields": ["\\u8868\\u793a\\u9806\\u5e8f"]}}]	13	1
67	2021-05-05 08:49:40.497295+00	5	エピナスチン	2	[{"changed": {"fields": ["\\u8868\\u793a\\u9806\\u5e8f"]}}]	13	1
68	2021-05-05 08:49:52.292678+00	4	メキタジン	2	[{"changed": {"fields": ["\\u8868\\u793a\\u9806\\u5e8f"]}}]	13	1
69	2021-05-05 08:50:05.247788+00	6	フェキソフェナジン	2	[{"changed": {"fields": ["\\u8868\\u793a\\u9806\\u5e8f"]}}]	13	1
70	2021-05-05 08:50:21.764661+00	7	ケトチフェン	2	[{"changed": {"fields": ["\\u8868\\u793a\\u9806\\u5e8f"]}}]	13	1
71	2021-05-05 08:50:31.984192+00	8	アゼラスチン	2	[{"changed": {"fields": ["\\u8868\\u793a\\u9806\\u5e8f"]}}]	13	1
72	2021-05-05 08:50:43.417691+00	9	オキサトミド	2	[{"changed": {"fields": ["\\u8868\\u793a\\u9806\\u5e8f"]}}]	13	1
73	2021-05-05 08:51:16.402545+00	11	ファモチジン	2	[{"changed": {"fields": ["\\u8868\\u793a\\u9806\\u5e8f"]}}]	13	1
74	2021-05-05 08:51:16.412565+00	10	シメチジン	2	[{"changed": {"fields": ["\\u8868\\u793a\\u9806\\u5e8f"]}}]	13	1
75	2021-05-05 08:53:44.165634+00	35	吸引麻酔薬(薬理Ⅰ)	1	[{"added": {}}]	12	1
76	2021-05-05 08:54:02.343192+00	35	作用機序不明	1	[{"added": {}}]	10	1
77	2021-05-05 08:54:24.401697+00	43	セボフルラン	1	[{"added": {}}]	13	1
78	2021-05-05 08:55:04.025764+00	43	亜酸化窒素	2	[{"changed": {"fields": ["\\u85ac\\u7269\\u540d", "\\u7279\\u5fb4\\u30fb\\u8aac\\u660e", "\\u8868\\u793a\\u9806\\u5e8f"]}}]	13	1
79	2021-05-05 08:55:30.49033+00	36	静脈麻酔薬(薬理Ⅰ)	1	[{"added": {}}]	12	1
80	2021-05-05 08:56:02.382558+00	36	GABAa受容体	1	[{"added": {}}]	10	1
81	2021-05-05 08:56:26.485826+00	37	Cl⁻チャネル 複合体のバビルツレート 結合部位	1	[{"added": {}}]	10	1
82	2021-05-05 08:57:11.922759+00	44	チオペンタール	1	[{"added": {}}]	13	1
83	2021-05-05 08:57:35.454334+00	45	チアミラール	1	[{"added": {}}]	13	1
84	2021-05-05 08:57:55.803146+00	38	Cl-チャネル 複合体のβサブユニット	1	[{"added": {}}]	10	1
85	2021-05-05 08:58:09.035178+00	46	プロポフォール	1	[{"added": {}}]	13	1
86	2021-05-05 08:59:40.141273+00	39	オピオイドμ受容体	1	[{"added": {}}]	10	1
87	2021-05-05 09:00:36.859675+00	40	ドパミンD2受容体	1	[{"added": {}}]	10	1
88	2021-05-05 09:00:59.846185+00	6	複数成分	1	[{"added": {}}]	11	1
89	2021-05-05 09:01:08.341437+00	46	フェンタニル・ドロペリドール	2	[{"changed": {"fields": ["\\u85ac\\u7269\\u540d", "\\u6a19\\u7684\\u53d7\\u5bb9\\u4f53\\u30fb\\u6a19\\u7684\\u30bf\\u30f3\\u30d1\\u30af", "\\u7279\\u5fb4\\u30fb\\u8aac\\u660e", "\\u8868\\u793a\\u9806\\u5e8f"]}}]	13	1
90	2021-05-05 09:01:30.908387+00	46	フェンタニル・ドロペリドール	2	[{"changed": {"fields": ["\\u4f5c\\u7528\\u306e\\u4ed5\\u65b9"]}}]	13	1
91	2021-05-05 09:02:22.326339+00	47	プロポフォール	1	[{"added": {}}]	13	1
92	2021-05-05 09:03:06.524249+00	41	グルタミン酸NMDA受容体	1	[{"added": {}}]	10	1
93	2021-05-05 09:03:21.608574+00	7	非競合的拮抗	1	[{"added": {}}]	11	1
94	2021-05-05 09:03:50.929121+00	48	ケタミン	1	[{"added": {}}]	13	1
95	2021-05-05 09:04:31.637391+00	48	ケタミン	2	[{"changed": {"fields": ["\\u5206\\u91ce(\\u79d1\\u76ee)\\u9078\\u629e"]}}]	13	1
96	2021-05-05 09:22:58.100702+00	2	交感神経関連薬(序論)	2	[{"changed": {"fields": ["\\u76ee\\u6b21\\u306e\\u9806\\u756a"]}}]	12	1
97	2021-05-05 09:25:27.578609+00	37	脳作用型中枢興奮薬	1	[{"added": {}}]	12	1
98	2021-05-05 09:25:43.38283+00	37	脳作用型中枢興奮薬(薬理Ⅰ)	2	[{"changed": {"fields": ["\\u5206\\u91ce\\u540d(\\u79d1\\u76ee)\\u3000\\u4f8b\\uff1a\\u4e2d\\u67a2\\u795e\\u7d4c(\\u85ac\\u7406\\u2160)\\u3000"]}}]	12	1
99	2021-05-05 09:26:29.955924+00	42	中枢神経のDA・NAトランスポーター	1	[{"added": {}}]	10	1
100	2021-05-05 09:27:07.454655+00	49	メタンフェタミン	1	[{"added": {}}]	13	1
101	2021-05-05 09:27:56.854+00	50	メチルフェニデート	1	[{"added": {}}]	13	1
102	2021-05-05 09:29:13.14585+00	38	ペニシリン系薬(微生物Ⅱ)	1	[{"added": {}}]	12	1
103	2021-05-05 09:30:15.646135+00	43	PBP(ペニシリン結合タンパク)	1	[{"added": {}}]	10	1
104	2021-05-05 09:30:47.879746+00	51	ペニシリンG	1	[{"added": {}}]	13	1
105	2021-05-05 09:31:19.177659+00	52	メシチリン	1	[{"added": {}}]	13	1
106	2021-05-05 09:31:30.95493+00	53	クロキサシリン	1	[{"added": {}}]	13	1
107	2021-05-05 09:31:56.194314+00	54	アンピシリン	1	[{"added": {}}]	13	1
108	2021-05-05 09:32:06.107574+00	55	アモキシシリン	1	[{"added": {}}]	13	1
109	2021-05-05 09:32:48.502854+00	56	バカンピシリン	1	[{"added": {}}]	13	1
110	2021-05-05 09:33:21.924695+00	57	メシリナム	1	[{"added": {}}]	13	1
111	2021-05-05 09:33:44.810693+00	58	ビブメシリナム	1	[{"added": {}}]	13	1
112	2021-05-05 09:34:49.613179+00	39	ペネム系(微生物Ⅱ)	1	[{"added": {}}]	12	1
113	2021-05-05 09:35:08.119902+00	59	ファロペネム	1	[{"added": {}}]	13	1
114	2021-05-05 09:35:41.312655+00	40	カルバペネム系(微生物Ⅱ)	1	[{"added": {}}]	12	1
115	2021-05-05 09:36:18.243026+00	60	イミペネム	1	[{"added": {}}]	13	1
116	2021-05-05 09:36:43.272134+00	61	バニペネム	1	[{"added": {}}]	13	1
117	2021-05-05 09:37:07.4233+00	62	メロペネム	1	[{"added": {}}]	13	1
118	2021-05-05 09:37:19.31837+00	63	ビアペネム	1	[{"added": {}}]	13	1
119	2021-05-05 09:59:54.356574+00	1	抗ヒスタミン薬(薬理学序論)	2	[{"changed": {"fields": ["\\u95a2\\u9023\\u85ac\\u306e\\u4e3b\\u306a\\u4f5c\\u7528\\u70b9"]}}]	12	1
120	2021-05-05 10:00:07.294159+00	2	交感神経関連薬(序論)	2	[{"changed": {"fields": ["\\u95a2\\u9023\\u85ac\\u306e\\u4e3b\\u306a\\u4f5c\\u7528\\u70b9"]}}]	12	1
121	2021-05-05 10:00:21.920886+00	38	ペニシリン系薬(微生物Ⅱ)	2	[{"changed": {"fields": ["\\u95a2\\u9023\\u85ac\\u306e\\u4e3b\\u306a\\u4f5c\\u7528\\u70b9"]}}]	12	1
122	2021-05-05 10:00:31.084395+00	39	ペネム系(微生物Ⅱ)	2	[{"changed": {"fields": ["\\u95a2\\u9023\\u85ac\\u306e\\u4e3b\\u306a\\u4f5c\\u7528\\u70b9"]}}]	12	1
123	2021-05-05 10:00:37.724433+00	40	カルバペネム系(微生物Ⅱ)	2	[{"changed": {"fields": ["\\u95a2\\u9023\\u85ac\\u306e\\u4e3b\\u306a\\u4f5c\\u7528\\u70b9"]}}]	12	1
124	2021-05-05 10:00:59.824029+00	36	静脈麻酔薬(薬理Ⅰ)	2	[{"changed": {"fields": ["\\u95a2\\u9023\\u85ac\\u306e\\u4e3b\\u306a\\u4f5c\\u7528\\u70b9"]}}]	12	1
125	2021-05-05 10:01:29.949808+00	35	吸引麻酔薬(薬理Ⅰ)	2	[{"changed": {"fields": ["\\u95a2\\u9023\\u85ac\\u306e\\u4e3b\\u306a\\u4f5c\\u7528\\u70b9"]}}]	12	1
126	2021-05-05 10:01:39.738212+00	36	静脈麻酔薬(薬理Ⅰ)	2	[{"changed": {"fields": ["\\u76ee\\u6b21\\u306e\\u9806\\u756a"]}}]	12	1
127	2021-05-05 10:02:04.308219+00	36	静脈麻酔薬(薬理Ⅰ)	2	[{"changed": {"fields": ["\\u95a2\\u9023\\u85ac\\u306e\\u4e3b\\u306a\\u4f5c\\u7528\\u70b9"]}}]	12	1
128	2021-05-05 10:02:18.184057+00	37	脳作用型中枢興奮薬(薬理Ⅰ)	2	[{"changed": {"fields": ["\\u95a2\\u9023\\u85ac\\u306e\\u4e3b\\u306a\\u4f5c\\u7528\\u70b9"]}}]	12	1
129	2021-05-07 08:14:53.221282+00	7	非競合的拮抗	2	[{"changed": {"fields": ["\\u4f5c\\u7528\\u5206\\u985e\\u306e\\u9806\\u5e8f"]}}]	11	1
130	2021-05-07 08:14:53.230156+00	6	複数成分	2	[{"changed": {"fields": ["\\u4f5c\\u7528\\u5206\\u985e\\u306e\\u9806\\u5e8f"]}}]	11	1
131	2021-05-07 08:14:53.23492+00	5	なし	2	[{"changed": {"fields": ["\\u4f5c\\u7528\\u5206\\u985e\\u306e\\u9806\\u5e8f"]}}]	11	1
132	2021-05-07 08:14:53.240397+00	4	酵素阻害	2	[{"changed": {"fields": ["\\u4f5c\\u7528\\u5206\\u985e\\u306e\\u9806\\u5e8f"]}}]	11	1
133	2021-05-07 08:14:53.246463+00	3	酵素活性化	2	[{"changed": {"fields": ["\\u4f5c\\u7528\\u5206\\u985e\\u306e\\u9806\\u5e8f"]}}]	11	1
134	2021-05-07 08:14:53.251224+00	2	遮断	2	[{"changed": {"fields": ["\\u4f5c\\u7528\\u5206\\u985e\\u306e\\u9806\\u5e8f"]}}]	11	1
135	2021-05-07 09:49:11.659385+00	64	ブナゾシン	1	[{"added": {}}]	13	1
136	2021-05-07 09:50:28.82528+00	65	プラゾシン	1	[{"added": {}}]	13	1
137	2021-05-07 12:49:05.407938+00	5	微生物学Ⅱ	2	[{"changed": {"fields": ["\\u79d1\\u76ee\\u30ca\\u30f3\\u30d0\\u30fc"]}}]	9	1
138	2021-05-07 12:49:05.418634+00	4	薬理学Ⅲ	2	[{"changed": {"fields": ["\\u79d1\\u76ee\\u30ca\\u30f3\\u30d0\\u30fc"]}}]	9	1
139	2021-05-07 12:49:05.423936+00	3	薬理学Ⅱ	2	[{"changed": {"fields": ["\\u79d1\\u76ee\\u30ca\\u30f3\\u30d0\\u30fc"]}}]	9	1
140	2021-05-07 12:49:05.429204+00	2	薬理学Ⅰ	2	[{"changed": {"fields": ["\\u79d1\\u76ee\\u30ca\\u30f3\\u30d0\\u30fc"]}}]	9	1
141	2021-05-08 03:59:18.229185+00	41	呼吸器興奮薬(薬理Ⅱ)	1	[{"added": {}}]	12	1
142	2021-05-08 03:59:46.576412+00	44	呼吸中枢	1	[{"added": {}}]	10	1
143	2021-05-08 04:00:17.112086+00	66	ジモルホラミン	1	[{"added": {}}]	13	1
144	2021-05-08 04:00:24.771661+00	66	ジモルホラミン	2	[]	13	1
145	2021-05-08 04:00:25.076469+00	66	ジモルホラミン	2	[]	13	1
146	2021-05-08 04:00:25.154566+00	66	ジモルホラミン	2	[]	13	1
147	2021-05-08 04:00:58.380652+00	45	化学受容器	1	[{"added": {}}]	10	1
148	2021-05-08 04:01:25.12036+00	67	ドキサプラム	1	[{"added": {}}]	13	1
149	2021-05-08 04:02:05.722758+00	67	二酸化炭素	2	[{"changed": {"fields": ["\\u85ac\\u7269\\u540d", "\\u6a19\\u7684\\u53d7\\u5bb9\\u4f53\\u30fb\\u6a19\\u7684\\u30bf\\u30f3\\u30d1\\u30af", "\\u7279\\u5fb4\\u30fb\\u8aac\\u660e", "\\u8868\\u793a\\u9806\\u5e8f"]}}]	13	1
150	2021-05-08 04:02:51.276569+00	68	ドキサプラム	1	[{"added": {}}]	13	1
183	2021-05-08 05:35:36.812765+00	66	ジモルホラミン	2	[{"changed": {"fields": ["\\u554f\\u984c\\u6587"]}}]	13	1
184	2021-05-08 05:55:50.913843+00	66	ジモルホラミン	2	[{"changed": {"fields": ["\\u4e3b\\u306a\\u5148\\u767a\\u54c1\\u540d"]}}]	13	1
185	2021-05-08 05:55:50.920573+00	68	ドキサプラム	2	[{"changed": {"fields": ["\\u4e3b\\u306a\\u5148\\u767a\\u54c1\\u540d"]}}]	13	1
186	2021-05-08 05:58:33.617114+00	60	イミペネム	2	[{"changed": {"fields": ["\\u4e3b\\u306a\\u5148\\u767a\\u54c1\\u540d"]}}]	13	1
187	2021-05-08 05:58:33.62318+00	59	ファロペネム	2	[{"changed": {"fields": ["\\u4e3b\\u306a\\u5148\\u767a\\u54c1\\u540d"]}}]	13	1
188	2021-05-08 05:58:33.627348+00	51	ペニシリンG	2	[{"changed": {"fields": ["\\u4e3b\\u306a\\u5148\\u767a\\u54c1\\u540d"]}}]	13	1
189	2021-05-08 05:58:33.631481+00	49	メタンフェタミン	2	[{"changed": {"fields": ["\\u4e3b\\u306a\\u5148\\u767a\\u54c1\\u540d"]}}]	13	1
190	2021-05-08 06:01:17.990937+00	44	チオペンタール	2	[{"changed": {"fields": ["\\u4e3b\\u306a\\u5148\\u767a\\u54c1\\u540d"]}}]	13	1
191	2021-05-08 06:01:17.998915+00	12	ナファゾリン	2	[{"changed": {"fields": ["\\u4e3b\\u306a\\u5148\\u767a\\u54c1\\u540d"]}}]	13	1
192	2021-05-08 06:01:18.003335+00	2	ジフェンヒドラミン	2	[{"changed": {"fields": ["\\u4e3b\\u306a\\u5148\\u767a\\u54c1\\u540d"]}}]	13	1
193	2021-05-08 06:01:18.007983+00	1	クロルフェニラミン	2	[{"changed": {"fields": ["\\u4e3b\\u306a\\u5148\\u767a\\u54c1\\u540d"]}}]	13	1
194	2021-05-08 06:01:18.013006+00	61	パニペネム	2	[{"changed": {"fields": ["\\u85ac\\u7269\\u540d", "\\u4e3b\\u306a\\u5148\\u767a\\u54c1\\u540d"]}}]	13	1
195	2021-05-08 06:01:18.016747+00	50	メチルフェニデート	2	[{"changed": {"fields": ["\\u4e3b\\u306a\\u5148\\u767a\\u54c1\\u540d"]}}]	13	1
196	2021-05-08 06:03:01.425147+00	45	チアミラール	2	[{"changed": {"fields": ["\\u4e3b\\u306a\\u5148\\u767a\\u54c1\\u540d"]}}]	13	1
197	2021-05-08 06:03:01.431102+00	13	ミドドリン	2	[{"changed": {"fields": ["\\u4e3b\\u306a\\u5148\\u767a\\u54c1\\u540d"]}}]	13	1
198	2021-05-08 06:03:01.43529+00	62	メロペネム	2	[{"changed": {"fields": ["\\u4e3b\\u306a\\u5148\\u767a\\u54c1\\u540d"]}}]	13	1
199	2021-05-08 06:03:01.43888+00	53	クロキサシリン	2	[{"changed": {"fields": ["\\u4e3b\\u306a\\u5148\\u767a\\u54c1\\u540d"]}}]	13	1
200	2021-05-08 06:07:08.038723+00	47	プロポフォール	2	[{"changed": {"fields": ["\\u4e3b\\u306a\\u5148\\u767a\\u54c1\\u540d"]}}]	13	1
201	2021-05-08 06:07:08.048458+00	42	フェニレフリン	2	[{"changed": {"fields": ["\\u4e3b\\u306a\\u5148\\u767a\\u54c1\\u540d"]}}]	13	1
202	2021-05-08 06:07:08.054684+00	3	ジメンヒドリナート	2	[{"changed": {"fields": ["\\u4e3b\\u306a\\u5148\\u767a\\u54c1\\u540d"]}}]	13	1
203	2021-05-08 06:07:08.059484+00	63	ビアペネム	2	[{"changed": {"fields": ["\\u4e3b\\u306a\\u5148\\u767a\\u54c1\\u540d"]}}]	13	1
204	2021-05-08 06:07:08.063399+00	54	アンピシリン	2	[{"changed": {"fields": ["\\u4e3b\\u306a\\u5148\\u767a\\u54c1\\u540d"]}}]	13	1
205	2021-05-08 06:07:08.06711+00	7	ケトチフェン	2	[{"changed": {"fields": ["\\u4e3b\\u306a\\u5148\\u767a\\u54c1\\u540d"]}}]	13	1
206	2021-05-08 06:07:08.070935+00	8	アゼラスチン	2	[{"changed": {"fields": ["\\u4e3b\\u306a\\u5148\\u767a\\u54c1\\u540d"]}}]	13	1
207	2021-05-08 06:07:08.075004+00	9	オキサトミド	2	[{"changed": {"fields": ["\\u4e3b\\u306a\\u5148\\u767a\\u54c1\\u540d"]}}]	13	1
208	2021-05-08 06:07:08.078784+00	10	シメチジン	2	[{"changed": {"fields": ["\\u4e3b\\u306a\\u5148\\u767a\\u54c1\\u540d"]}}]	13	1
209	2021-05-08 06:07:08.082438+00	11	ファモチジン	2	[{"changed": {"fields": ["\\u4e3b\\u306a\\u5148\\u767a\\u54c1\\u540d"]}}]	13	1
210	2021-05-08 06:10:06.923996+00	46	フェンタニル・ドロペリドール	2	[{"changed": {"fields": ["\\u4e3b\\u306a\\u5148\\u767a\\u54c1\\u540d"]}}]	13	1
211	2021-05-08 06:10:06.933123+00	5	エピナスチン	2	[{"changed": {"fields": ["\\u4e3b\\u306a\\u5148\\u767a\\u54c1\\u540d"]}}]	13	1
212	2021-05-08 06:10:06.93742+00	55	アモキシシリン	2	[{"changed": {"fields": ["\\u4e3b\\u306a\\u5148\\u767a\\u54c1\\u540d"]}}]	13	1
213	2021-05-08 06:10:06.941606+00	48	ケタミン	2	[{"changed": {"fields": ["\\u4e3b\\u306a\\u5148\\u767a\\u54c1\\u540d"]}}]	13	1
214	2021-05-08 06:10:06.946491+00	4	メキタジン	2	[{"changed": {"fields": ["\\u4e3b\\u306a\\u5148\\u767a\\u54c1\\u540d"]}}]	13	1
215	2021-05-08 06:10:06.950837+00	56	バカンピシリン	2	[{"changed": {"fields": ["\\u4e3b\\u306a\\u5148\\u767a\\u54c1\\u540d"]}}]	13	1
216	2021-05-08 06:10:06.955254+00	6	フェキソフェナジン	2	[{"changed": {"fields": ["\\u4e3b\\u306a\\u5148\\u767a\\u54c1\\u540d"]}}]	13	1
217	2021-05-08 06:10:06.959507+00	65	プラゾシン	2	[{"changed": {"fields": ["\\u4e3b\\u306a\\u5148\\u767a\\u54c1\\u540d"]}}]	13	1
218	2021-05-08 06:10:06.9637+00	64	ブナゾシン	2	[{"changed": {"fields": ["\\u4e3b\\u306a\\u5148\\u767a\\u54c1\\u540d"]}}]	13	1
\.


--
-- Data for Name: django_content_type; Type: TABLE DATA; Schema: public; Owner: postgres
--

COPY public.django_content_type (id, app_label, model) FROM stdin;
1	admin	logentry
2	auth	permission
3	auth	group
4	auth	user
5	contenttypes	contenttype
6	sessions	session
7	yakuri	grade
8	yakuri	season
9	yakuri	subject
10	yakuri	target
11	yakuri	work
12	yakuri	fields
13	yakuri	detail
\.


--
-- Data for Name: django_migrations; Type: TABLE DATA; Schema: public; Owner: postgres
--

COPY public.django_migrations (id, app, name, applied) FROM stdin;
1	contenttypes	0001_initial	2021-05-05 08:16:49.618758+00
2	auth	0001_initial	2021-05-05 08:16:49.683336+00
3	admin	0001_initial	2021-05-05 08:16:49.741347+00
4	admin	0002_logentry_remove_auto_add	2021-05-05 08:16:49.77184+00
5	admin	0003_logentry_add_action_flag_choices	2021-05-05 08:16:49.791709+00
6	contenttypes	0002_remove_content_type_name	2021-05-05 08:16:49.83179+00
7	auth	0002_alter_permission_name_max_length	2021-05-05 08:16:49.848181+00
8	auth	0003_alter_user_email_max_length	2021-05-05 08:16:49.876181+00
9	auth	0004_alter_user_username_opts	2021-05-05 08:16:49.895877+00
10	auth	0005_alter_user_last_login_null	2021-05-05 08:16:49.916244+00
11	auth	0006_require_contenttypes_0002	2021-05-05 08:16:49.919137+00
12	auth	0007_alter_validators_add_error_messages	2021-05-05 08:16:49.935791+00
13	auth	0008_alter_user_username_max_length	2021-05-05 08:16:49.959652+00
14	auth	0009_alter_user_last_name_max_length	2021-05-05 08:16:49.979677+00
15	auth	0010_alter_group_name_max_length	2021-05-05 08:16:49.995682+00
16	auth	0011_update_proxy_permissions	2021-05-05 08:16:50.015729+00
17	sessions	0001_initial	2021-05-05 08:16:50.027928+00
18	yakuri	0001_initial	2021-05-05 08:16:50.114135+00
19	yakuri	0002_auto_20210505_1815	2021-05-05 09:15:49.754689+00
20	yakuri	0003_auto_20210507_1712	2021-05-07 08:12:15.73892+00
21	yakuri	0004_auto_20210507_1715	2021-05-07 08:15:23.723575+00
22	yakuri	0005_subject_subjectsnum	2021-05-07 12:47:49.659665+00
23	yakuri	0006_detail_question	2021-05-08 05:32:38.228022+00
24	yakuri	0007_detail_blandname	2021-05-08 05:52:42.960747+00
\.


--
-- Data for Name: django_session; Type: TABLE DATA; Schema: public; Owner: postgres
--

COPY public.django_session (session_key, session_data, expire_date) FROM stdin;
d7xl0s2ynsgtiavp8m40y8hqts5usrkt	OTI4ZTEzMDQyMThiM2I3Zjc3OGU4YmFlZmI5NjVjZmFmYWFmMjdkMzp7Il9hdXRoX3VzZXJfaWQiOiIxIiwiX2F1dGhfdXNlcl9iYWNrZW5kIjoiZGphbmdvLmNvbnRyaWIuYXV0aC5iYWNrZW5kcy5Nb2RlbEJhY2tlbmQiLCJfYXV0aF91c2VyX2hhc2giOiIxMTMxZDM3YTAxNjVhZjQxOTdmN2JlY2U5ZTUxYzRhNTViZGZhYzEyIn0=	2021-05-19 08:17:48.279671+00
\.


--
-- Data for Name: yakuri_detail; Type: TABLE DATA; Schema: public; Owner: postgres
--

COPY public.yakuri_detail (id, name, detail, structure, studynum, field_id, grade_id, season_id, work_id, question, blandname) FROM stdin;
41	ジピぺフリン	毛様体動脈収縮\r\n→眼房水産生抑制		4	2	1	1	1	\N	\N
43	亜酸化窒素	鎮痛作用が強力\r\nセボフルランと併用		2	35	1	2	5	\N	\N
52	メシチリン	ペニシリナーゼ非分解。		2	38	1	2	4	\N	\N
57	メシリナム	グラム陽性菌に弱い抗菌活性。\r\nグラム陰性菌（とくに大腸菌、\r\n肺炎桿菌）に強い抗菌力。		7	38	1	2	4	\N	\N
58	ビブメシリナム	メシリナムのプロドラッグ		8	38	1	2	4	\N	\N
60	イミペネム	DHP-1阻害薬シラスタチンと併用		1	40	1	2	4	\N	チエナム(配合剤)
59	ファロペネム			1	39	1	2	4	\N	ファロム
51	ペニシリンG	梅毒トレポネーマの第一選択薬。		1	38	1	2	4	\N	ペニシリンGカリウム
67	二酸化炭素	適応：酸素吸入時にO2ガスに1～5％混合して使\r\nう。		3	41	2	1	1	\N	\N
49	メタンフェタミン	中枢興奮作用（不眠、気分高揚、疲労感減少、食欲\r\n抑制、多幸感）\r\nうつ病、ナルコレプシーなどに用いられる。\r\n精神依存性がある		1	37	1	2	2	\N	ヒロポン
66	ジモルホラミン	血管運動中枢も刺激→血圧上昇。\r\n適応：薬物中毒（睡眠薬、麻薬など）による中枢性\r\n呼吸抑制。\r\n禁忌：モルヒネによる呼吸抑制には用いない。		1	41	2	1	1	は、呼吸中枢を直接刺激する事で呼吸興奮作用を示す	テラプチク
68	ドキサプラム	血管運動中枢も刺激→血圧上昇。\r\n適応：麻酔時の呼吸抑制、肺の換気不全。		2	41	2	1	1	\N	ドプラム
44	チオペンタール	基礎麻酔薬として補助的に使われる。		1	36	1	2	1	\N	ラボナール
12	ナファゾリン			1	2	1	1	1	\N	プリビナ
2	ジフェンヒドラミン	抗コリン作用あり		1	1	1	1	2	\N	レスタミン
1	クロルフェニラミン	抗コリン作用あり		1	1	1	1	2	\N	ポララミン
61	パニペネム	腎臓移行抑制薬ベタミプロンと併用。		2	40	1	2	4	\N	カルベニン
50	メチルフェニデート	ナルコレプシー、小児期の注意欠陥多動性障害(ADHD)に適用		2	37	1	2	2	\N	コンサータ
45	チアミラール	基礎麻酔薬として補助的に使われる。		2	36	1	2	1	\N	イソゾール・チトゾール
13	ミドドリン			2	2	1	1	1	\N	メトリジン
62	メロペネム	DHP-1抵抗性。		3	40	1	2	4	\N	メロペン
53	クロキサシリン	ペニシリナーゼ非分解。		3	38	1	2	4	\N	ピクシリン
47	プロポフォール			3	36	1	2	1	\N	ディプリバン
42	フェニレフリン	麻酔との併用（血管収縮）		3	2	1	1	1	\N	ネオシネジン
3	ジメンヒドリナート	ジフェンヒドラミンと\r\n8-クロルフェニラミンの塩		3	1	1	1	2	\N	ドラマミン
63	ビアペネム	DHP-1抵抗性。		4	40	1	2	4	\N	オメガシン
54	アンピシリン	加えて大腸菌、赤痢菌、腸チフス菌な\r\nどに有効。		4	38	1	2	4	\N	ビクシリン
7	ケトチフェン	中枢作用あり\r\nケミカルメディエーター遊離阻害		7	1	1	1	2	\N	ザシテン
8	アゼラスチン	中枢作用あり\r\nケミカルメディエーター遊離阻害		8	1	1	1	2	\N	アゼプチン
9	オキサトミド	中枢作用あり\r\nケミカルメディエーター遊離阻害		9	1	1	1	2	\N	オキサトーワ
10	シメチジン	中枢作用あり\r\nケミカルメディエーター遊離阻害		10	1	1	1	2	\N	カイロック・タガメット
11	ファモチジン	中枢作用あり\r\nケミカルメディエーター遊離阻害		11	1	1	1	2	\N	ガスター
46	フェンタニル・ドロペリドール	麻薬系鎮痛薬+神経遮断薬 神経遮断性麻酔\r\n\r\n意識消失なしに外科手術が可能		4	36	1	2	6	\N	タラモナール
5	エピナスチン	BBB通過しにくい\r\nケミカルメディエーター遊離阻害		4	1	1	1	2	\N	アレジオン
55	アモキシシリン	加えて大腸菌、赤痢菌、腸チフス菌な\r\nどに有効。		5	38	1	2	4	\N	サワシリン・パセトシン
48	ケタミン	鎮痛と意識の解離。解離性麻酔。\r\n麻薬。神経障害性疼痛に用いる。		5	36	1	2	7	\N	ケタラール
4	メキタジン	BBB通過しにくい\r\nケミカルメディエーター遊離阻害		5	1	1	1	2	\N	ゼスラン・ニポラジン
56	バカンピシリン	アンピシリンのプロドラッグ。		6	38	1	2	4	\N	ペングット
6	フェキソフェナジン	BBB通過しにくい\r\nケミカルメディエーター遊離阻害		6	1	1	1	2	\N	アレグラ
65	プラゾシン	ぶどう膜強膜を広げる		7	2	1	1	2	\N	ミニプレス
64	ブナゾシン			7	2	1	1	2	\N	デタントール
\.


--
-- Data for Name: yakuri_detail_target; Type: TABLE DATA; Schema: public; Owner: postgres
--

COPY public.yakuri_detail_target (id, detail_id, target_id) FROM stdin;
1	1	1
2	2	1
3	3	1
4	4	1
5	5	1
6	6	1
7	7	1
8	8	1
9	9	1
10	10	2
11	11	2
12	12	3
13	13	4
41	41	4
42	42	4
43	43	35
44	44	36
45	44	37
46	45	36
47	45	37
50	46	40
51	46	39
52	47	36
53	47	38
54	48	41
55	49	42
56	50	42
57	51	43
58	52	43
59	53	43
60	54	43
61	55	43
62	56	43
63	57	43
64	58	43
65	59	43
66	60	43
67	61	43
68	62	43
69	63	43
70	64	4
71	65	4
72	66	44
73	67	45
74	67	44
75	68	45
\.


--
-- Data for Name: yakuri_fields; Type: TABLE DATA; Schema: public; Owner: postgres
--

COPY public.yakuri_fields (id, fields, descriptione, subject_id, fieldsnum) FROM stdin;
1	抗ヒスタミン薬(薬理学序論)		1	1
2	交感神経関連薬(序論)		1	2
38	ペニシリン系薬(微生物Ⅱ)	グラム陽性菌、グラム陰性球菌、スピロヘータに有効。\r\nアナフィラキシーショックに注意。	5	1
39	ペネム系(微生物Ⅱ)	嫌気性のグラム陽性・陰性菌に有効。\r\n緑膿菌、セラチアに無効。	5	2
40	カルバペネム系(微生物Ⅱ)	抗菌スペクトルが広く、各種β-ラクタマーゼに安定。\r\n主に院内感染の緑膿菌などに用いられる。	5	3
35	吸引麻酔薬(薬理Ⅰ)		2	1
36	静脈麻酔薬(薬理Ⅰ)		2	2
37	脳作用型中枢興奮薬(薬理Ⅰ)		2	3
41	呼吸器興奮薬(薬理Ⅱ)		3	1
\.


--
-- Data for Name: yakuri_fields_reltarget; Type: TABLE DATA; Schema: public; Owner: postgres
--

COPY public.yakuri_fields_reltarget (id, fields_id, target_id) FROM stdin;
1	1	1
2	1	2
3	2	3
4	2	4
5	38	43
6	39	43
7	40	43
9	35	35
10	36	36
11	36	37
12	36	38
13	36	39
14	36	40
15	36	41
16	37	42
\.


--
-- Data for Name: yakuri_grade; Type: TABLE DATA; Schema: public; Owner: postgres
--

COPY public.yakuri_grade (id, grades) FROM stdin;
1	2年生
2	3年生
\.


--
-- Data for Name: yakuri_season; Type: TABLE DATA; Schema: public; Owner: postgres
--

COPY public.yakuri_season (id, seasons) FROM stdin;
1	前期(春)
2	後期(秋)
\.


--
-- Data for Name: yakuri_subject; Type: TABLE DATA; Schema: public; Owner: postgres
--

COPY public.yakuri_subject (id, subjects, subinfo, subjectsnum) FROM stdin;
1	薬理学序論	自律神経・内分泌系Ⅰ	1
5	微生物学Ⅱ	細菌感染・ウイルス感染症	5
4	薬理学Ⅲ	循環器系・自己免疫	4
3	薬理学Ⅱ	消化器系・代謝系	3
2	薬理学Ⅰ	中枢神経・内分泌系Ⅱ	2
\.


--
-- Data for Name: yakuri_target; Type: TABLE DATA; Schema: public; Owner: postgres
--

COPY public.yakuri_target (id, targets, phsiologic, targetsnum) FROM stdin;
1	ヒスタミンH1受容体	\N	1
2	ヒスタミンH2受容体	\N	1
3	アドレナリンα受容体(非選択的)	\N	1
4	アドレナリンα１受容体	\N	1
35	作用機序不明	\N	1
36	GABAa受容体	\N	1
37	Cl⁻チャネル 複合体のバビルツレート 結合部位	\N	1
38	Cl-チャネル 複合体のβサブユニット	\N	1
39	オピオイドμ受容体	\N	1
40	ドパミンD2受容体	\N	1
41	グルタミン酸NMDA受容体	\N	1
42	中枢神経のDA・NAトランスポーター		1
43	PBP(ペニシリン結合タンパク)	ペプチドグリカン合成に関与\r\nトランスペプチターゼ活性を有し架橋形成反応を触媒	1
44	呼吸中枢		1
45	化学受容器		1
\.


--
-- Data for Name: yakuri_work; Type: TABLE DATA; Schema: public; Owner: postgres
--

COPY public.yakuri_work (id, works, worknum) FROM stdin;
1	刺激	1
7	非競合的拮抗	5
6	複数成分	6
5	なし	7
4	酵素阻害	4
3	酵素活性化	3
2	遮断	2
\.


--
-- Name: auth_group_id_seq; Type: SEQUENCE SET; Schema: public; Owner: postgres
--

SELECT pg_catalog.setval('public.auth_group_id_seq', 1, false);


--
-- Name: auth_group_permissions_id_seq; Type: SEQUENCE SET; Schema: public; Owner: postgres
--

SELECT pg_catalog.setval('public.auth_group_permissions_id_seq', 1, false);


--
-- Name: auth_permission_id_seq; Type: SEQUENCE SET; Schema: public; Owner: postgres
--

SELECT pg_catalog.setval('public.auth_permission_id_seq', 52, true);


--
-- Name: auth_user_groups_id_seq; Type: SEQUENCE SET; Schema: public; Owner: postgres
--

SELECT pg_catalog.setval('public.auth_user_groups_id_seq', 1, false);


--
-- Name: auth_user_id_seq; Type: SEQUENCE SET; Schema: public; Owner: postgres
--

SELECT pg_catalog.setval('public.auth_user_id_seq', 1, true);


--
-- Name: auth_user_user_permissions_id_seq; Type: SEQUENCE SET; Schema: public; Owner: postgres
--

SELECT pg_catalog.setval('public.auth_user_user_permissions_id_seq', 1, false);


--
-- Name: django_admin_log_id_seq; Type: SEQUENCE SET; Schema: public; Owner: postgres
--

SELECT pg_catalog.setval('public.django_admin_log_id_seq', 218, true);


--
-- Name: django_content_type_id_seq; Type: SEQUENCE SET; Schema: public; Owner: postgres
--

SELECT pg_catalog.setval('public.django_content_type_id_seq', 13, true);


--
-- Name: django_migrations_id_seq; Type: SEQUENCE SET; Schema: public; Owner: postgres
--

SELECT pg_catalog.setval('public.django_migrations_id_seq', 24, true);


--
-- Name: yakuri_detail_id_seq; Type: SEQUENCE SET; Schema: public; Owner: postgres
--

SELECT pg_catalog.setval('public.yakuri_detail_id_seq', 100, true);


--
-- Name: yakuri_detail_target_id_seq; Type: SEQUENCE SET; Schema: public; Owner: postgres
--

SELECT pg_catalog.setval('public.yakuri_detail_target_id_seq', 107, true);


--
-- Name: yakuri_fields_id_seq; Type: SEQUENCE SET; Schema: public; Owner: postgres
--

SELECT pg_catalog.setval('public.yakuri_fields_id_seq', 41, true);


--
-- Name: yakuri_fields_reltarget_id_seq; Type: SEQUENCE SET; Schema: public; Owner: postgres
--

SELECT pg_catalog.setval('public.yakuri_fields_reltarget_id_seq', 16, true);


--
-- Name: yakuri_grade_id_seq; Type: SEQUENCE SET; Schema: public; Owner: postgres
--

SELECT pg_catalog.setval('public.yakuri_grade_id_seq', 2, true);


--
-- Name: yakuri_season_id_seq; Type: SEQUENCE SET; Schema: public; Owner: postgres
--

SELECT pg_catalog.setval('public.yakuri_season_id_seq', 2, true);


--
-- Name: yakuri_subject_id_seq; Type: SEQUENCE SET; Schema: public; Owner: postgres
--

SELECT pg_catalog.setval('public.yakuri_subject_id_seq', 5, true);


--
-- Name: yakuri_target_id_seq; Type: SEQUENCE SET; Schema: public; Owner: postgres
--

SELECT pg_catalog.setval('public.yakuri_target_id_seq', 45, true);


--
-- Name: yakuri_work_id_seq; Type: SEQUENCE SET; Schema: public; Owner: postgres
--

SELECT pg_catalog.setval('public.yakuri_work_id_seq', 7, true);


--
-- Name: auth_group auth_group_name_key; Type: CONSTRAINT; Schema: public; Owner: postgres
--

ALTER TABLE ONLY public.auth_group
    ADD CONSTRAINT auth_group_name_key UNIQUE (name);


--
-- Name: auth_group_permissions auth_group_permissions_group_id_permission_id_0cd325b0_uniq; Type: CONSTRAINT; Schema: public; Owner: postgres
--

ALTER TABLE ONLY public.auth_group_permissions
    ADD CONSTRAINT auth_group_permissions_group_id_permission_id_0cd325b0_uniq UNIQUE (group_id, permission_id);


--
-- Name: auth_group_permissions auth_group_permissions_pkey; Type: CONSTRAINT; Schema: public; Owner: postgres
--

ALTER TABLE ONLY public.auth_group_permissions
    ADD CONSTRAINT auth_group_permissions_pkey PRIMARY KEY (id);


--
-- Name: auth_group auth_group_pkey; Type: CONSTRAINT; Schema: public; Owner: postgres
--

ALTER TABLE ONLY public.auth_group
    ADD CONSTRAINT auth_group_pkey PRIMARY KEY (id);


--
-- Name: auth_permission auth_permission_content_type_id_codename_01ab375a_uniq; Type: CONSTRAINT; Schema: public; Owner: postgres
--

ALTER TABLE ONLY public.auth_permission
    ADD CONSTRAINT auth_permission_content_type_id_codename_01ab375a_uniq UNIQUE (content_type_id, codename);


--
-- Name: auth_permission auth_permission_pkey; Type: CONSTRAINT; Schema: public; Owner: postgres
--

ALTER TABLE ONLY public.auth_permission
    ADD CONSTRAINT auth_permission_pkey PRIMARY KEY (id);


--
-- Name: auth_user_groups auth_user_groups_pkey; Type: CONSTRAINT; Schema: public; Owner: postgres
--

ALTER TABLE ONLY public.auth_user_groups
    ADD CONSTRAINT auth_user_groups_pkey PRIMARY KEY (id);


--
-- Name: auth_user_groups auth_user_groups_user_id_group_id_94350c0c_uniq; Type: CONSTRAINT; Schema: public; Owner: postgres
--

ALTER TABLE ONLY public.auth_user_groups
    ADD CONSTRAINT auth_user_groups_user_id_group_id_94350c0c_uniq UNIQUE (user_id, group_id);


--
-- Name: auth_user auth_user_pkey; Type: CONSTRAINT; Schema: public; Owner: postgres
--

ALTER TABLE ONLY public.auth_user
    ADD CONSTRAINT auth_user_pkey PRIMARY KEY (id);


--
-- Name: auth_user_user_permissions auth_user_user_permissions_pkey; Type: CONSTRAINT; Schema: public; Owner: postgres
--

ALTER TABLE ONLY public.auth_user_user_permissions
    ADD CONSTRAINT auth_user_user_permissions_pkey PRIMARY KEY (id);


--
-- Name: auth_user_user_permissions auth_user_user_permissions_user_id_permission_id_14a6b632_uniq; Type: CONSTRAINT; Schema: public; Owner: postgres
--

ALTER TABLE ONLY public.auth_user_user_permissions
    ADD CONSTRAINT auth_user_user_permissions_user_id_permission_id_14a6b632_uniq UNIQUE (user_id, permission_id);


--
-- Name: auth_user auth_user_username_key; Type: CONSTRAINT; Schema: public; Owner: postgres
--

ALTER TABLE ONLY public.auth_user
    ADD CONSTRAINT auth_user_username_key UNIQUE (username);


--
-- Name: django_admin_log django_admin_log_pkey; Type: CONSTRAINT; Schema: public; Owner: postgres
--

ALTER TABLE ONLY public.django_admin_log
    ADD CONSTRAINT django_admin_log_pkey PRIMARY KEY (id);


--
-- Name: django_content_type django_content_type_app_label_model_76bd3d3b_uniq; Type: CONSTRAINT; Schema: public; Owner: postgres
--

ALTER TABLE ONLY public.django_content_type
    ADD CONSTRAINT django_content_type_app_label_model_76bd3d3b_uniq UNIQUE (app_label, model);


--
-- Name: django_content_type django_content_type_pkey; Type: CONSTRAINT; Schema: public; Owner: postgres
--

ALTER TABLE ONLY public.django_content_type
    ADD CONSTRAINT django_content_type_pkey PRIMARY KEY (id);


--
-- Name: django_migrations django_migrations_pkey; Type: CONSTRAINT; Schema: public; Owner: postgres
--

ALTER TABLE ONLY public.django_migrations
    ADD CONSTRAINT django_migrations_pkey PRIMARY KEY (id);


--
-- Name: django_session django_session_pkey; Type: CONSTRAINT; Schema: public; Owner: postgres
--

ALTER TABLE ONLY public.django_session
    ADD CONSTRAINT django_session_pkey PRIMARY KEY (session_key);


--
-- Name: yakuri_detail field_name; Type: CONSTRAINT; Schema: public; Owner: postgres
--

ALTER TABLE ONLY public.yakuri_detail
    ADD CONSTRAINT field_name UNIQUE (field_id, name);


--
-- Name: yakuri_fields subjects_fields_unique; Type: CONSTRAINT; Schema: public; Owner: postgres
--

ALTER TABLE ONLY public.yakuri_fields
    ADD CONSTRAINT subjects_fields_unique UNIQUE (subject_id, fields);


--
-- Name: yakuri_detail yakuri_detail_pkey; Type: CONSTRAINT; Schema: public; Owner: postgres
--

ALTER TABLE ONLY public.yakuri_detail
    ADD CONSTRAINT yakuri_detail_pkey PRIMARY KEY (id);


--
-- Name: yakuri_detail_target yakuri_detail_target_detail_id_target_id_50a41c40_uniq; Type: CONSTRAINT; Schema: public; Owner: postgres
--

ALTER TABLE ONLY public.yakuri_detail_target
    ADD CONSTRAINT yakuri_detail_target_detail_id_target_id_50a41c40_uniq UNIQUE (detail_id, target_id);


--
-- Name: yakuri_detail_target yakuri_detail_target_pkey; Type: CONSTRAINT; Schema: public; Owner: postgres
--

ALTER TABLE ONLY public.yakuri_detail_target
    ADD CONSTRAINT yakuri_detail_target_pkey PRIMARY KEY (id);


--
-- Name: yakuri_fields yakuri_fields_fields_key; Type: CONSTRAINT; Schema: public; Owner: postgres
--

ALTER TABLE ONLY public.yakuri_fields
    ADD CONSTRAINT yakuri_fields_fields_key UNIQUE (fields);


--
-- Name: yakuri_fields yakuri_fields_pkey; Type: CONSTRAINT; Schema: public; Owner: postgres
--

ALTER TABLE ONLY public.yakuri_fields
    ADD CONSTRAINT yakuri_fields_pkey PRIMARY KEY (id);


--
-- Name: yakuri_fields_reltarget yakuri_fields_reltarget_fields_id_target_id_cabaa8d8_uniq; Type: CONSTRAINT; Schema: public; Owner: postgres
--

ALTER TABLE ONLY public.yakuri_fields_reltarget
    ADD CONSTRAINT yakuri_fields_reltarget_fields_id_target_id_cabaa8d8_uniq UNIQUE (fields_id, target_id);


--
-- Name: yakuri_fields_reltarget yakuri_fields_reltarget_pkey; Type: CONSTRAINT; Schema: public; Owner: postgres
--

ALTER TABLE ONLY public.yakuri_fields_reltarget
    ADD CONSTRAINT yakuri_fields_reltarget_pkey PRIMARY KEY (id);


--
-- Name: yakuri_grade yakuri_grade_pkey; Type: CONSTRAINT; Schema: public; Owner: postgres
--

ALTER TABLE ONLY public.yakuri_grade
    ADD CONSTRAINT yakuri_grade_pkey PRIMARY KEY (id);


--
-- Name: yakuri_season yakuri_season_pkey; Type: CONSTRAINT; Schema: public; Owner: postgres
--

ALTER TABLE ONLY public.yakuri_season
    ADD CONSTRAINT yakuri_season_pkey PRIMARY KEY (id);


--
-- Name: yakuri_subject yakuri_subject_pkey; Type: CONSTRAINT; Schema: public; Owner: postgres
--

ALTER TABLE ONLY public.yakuri_subject
    ADD CONSTRAINT yakuri_subject_pkey PRIMARY KEY (id);


--
-- Name: yakuri_subject yakuri_subject_subjects_key; Type: CONSTRAINT; Schema: public; Owner: postgres
--

ALTER TABLE ONLY public.yakuri_subject
    ADD CONSTRAINT yakuri_subject_subjects_key UNIQUE (subjects);


--
-- Name: yakuri_target yakuri_target_pkey; Type: CONSTRAINT; Schema: public; Owner: postgres
--

ALTER TABLE ONLY public.yakuri_target
    ADD CONSTRAINT yakuri_target_pkey PRIMARY KEY (id);


--
-- Name: yakuri_target yakuri_target_targets_key; Type: CONSTRAINT; Schema: public; Owner: postgres
--

ALTER TABLE ONLY public.yakuri_target
    ADD CONSTRAINT yakuri_target_targets_key UNIQUE (targets);


--
-- Name: yakuri_work yakuri_work_pkey; Type: CONSTRAINT; Schema: public; Owner: postgres
--

ALTER TABLE ONLY public.yakuri_work
    ADD CONSTRAINT yakuri_work_pkey PRIMARY KEY (id);


--
-- Name: auth_group_name_a6ea08ec_like; Type: INDEX; Schema: public; Owner: postgres
--

CREATE INDEX auth_group_name_a6ea08ec_like ON public.auth_group USING btree (name varchar_pattern_ops);


--
-- Name: auth_group_permissions_group_id_b120cbf9; Type: INDEX; Schema: public; Owner: postgres
--

CREATE INDEX auth_group_permissions_group_id_b120cbf9 ON public.auth_group_permissions USING btree (group_id);


--
-- Name: auth_group_permissions_permission_id_84c5c92e; Type: INDEX; Schema: public; Owner: postgres
--

CREATE INDEX auth_group_permissions_permission_id_84c5c92e ON public.auth_group_permissions USING btree (permission_id);


--
-- Name: auth_permission_content_type_id_2f476e4b; Type: INDEX; Schema: public; Owner: postgres
--

CREATE INDEX auth_permission_content_type_id_2f476e4b ON public.auth_permission USING btree (content_type_id);


--
-- Name: auth_user_groups_group_id_97559544; Type: INDEX; Schema: public; Owner: postgres
--

CREATE INDEX auth_user_groups_group_id_97559544 ON public.auth_user_groups USING btree (group_id);


--
-- Name: auth_user_groups_user_id_6a12ed8b; Type: INDEX; Schema: public; Owner: postgres
--

CREATE INDEX auth_user_groups_user_id_6a12ed8b ON public.auth_user_groups USING btree (user_id);


--
-- Name: auth_user_user_permissions_permission_id_1fbb5f2c; Type: INDEX; Schema: public; Owner: postgres
--

CREATE INDEX auth_user_user_permissions_permission_id_1fbb5f2c ON public.auth_user_user_permissions USING btree (permission_id);


--
-- Name: auth_user_user_permissions_user_id_a95ead1b; Type: INDEX; Schema: public; Owner: postgres
--

CREATE INDEX auth_user_user_permissions_user_id_a95ead1b ON public.auth_user_user_permissions USING btree (user_id);


--
-- Name: auth_user_username_6821ab7c_like; Type: INDEX; Schema: public; Owner: postgres
--

CREATE INDEX auth_user_username_6821ab7c_like ON public.auth_user USING btree (username varchar_pattern_ops);


--
-- Name: django_admin_log_content_type_id_c4bce8eb; Type: INDEX; Schema: public; Owner: postgres
--

CREATE INDEX django_admin_log_content_type_id_c4bce8eb ON public.django_admin_log USING btree (content_type_id);


--
-- Name: django_admin_log_user_id_c564eba6; Type: INDEX; Schema: public; Owner: postgres
--

CREATE INDEX django_admin_log_user_id_c564eba6 ON public.django_admin_log USING btree (user_id);


--
-- Name: django_session_expire_date_a5c62663; Type: INDEX; Schema: public; Owner: postgres
--

CREATE INDEX django_session_expire_date_a5c62663 ON public.django_session USING btree (expire_date);


--
-- Name: django_session_session_key_c0390e0f_like; Type: INDEX; Schema: public; Owner: postgres
--

CREATE INDEX django_session_session_key_c0390e0f_like ON public.django_session USING btree (session_key varchar_pattern_ops);


--
-- Name: yakuri_detail_field_id_8aa4285f; Type: INDEX; Schema: public; Owner: postgres
--

CREATE INDEX yakuri_detail_field_id_8aa4285f ON public.yakuri_detail USING btree (field_id);


--
-- Name: yakuri_detail_grade_id_4c1d9abd; Type: INDEX; Schema: public; Owner: postgres
--

CREATE INDEX yakuri_detail_grade_id_4c1d9abd ON public.yakuri_detail USING btree (grade_id);


--
-- Name: yakuri_detail_season_id_cd913b36; Type: INDEX; Schema: public; Owner: postgres
--

CREATE INDEX yakuri_detail_season_id_cd913b36 ON public.yakuri_detail USING btree (season_id);


--
-- Name: yakuri_detail_target_detail_id_28ffde3f; Type: INDEX; Schema: public; Owner: postgres
--

CREATE INDEX yakuri_detail_target_detail_id_28ffde3f ON public.yakuri_detail_target USING btree (detail_id);


--
-- Name: yakuri_detail_target_target_id_a4817269; Type: INDEX; Schema: public; Owner: postgres
--

CREATE INDEX yakuri_detail_target_target_id_a4817269 ON public.yakuri_detail_target USING btree (target_id);


--
-- Name: yakuri_detail_work_id_090c5360; Type: INDEX; Schema: public; Owner: postgres
--

CREATE INDEX yakuri_detail_work_id_090c5360 ON public.yakuri_detail USING btree (work_id);


--
-- Name: yakuri_fields_fields_f53c1d3b_like; Type: INDEX; Schema: public; Owner: postgres
--

CREATE INDEX yakuri_fields_fields_f53c1d3b_like ON public.yakuri_fields USING btree (fields varchar_pattern_ops);


--
-- Name: yakuri_fields_reltarget_fields_id_1c3c8b75; Type: INDEX; Schema: public; Owner: postgres
--

CREATE INDEX yakuri_fields_reltarget_fields_id_1c3c8b75 ON public.yakuri_fields_reltarget USING btree (fields_id);


--
-- Name: yakuri_fields_reltarget_target_id_a13a1585; Type: INDEX; Schema: public; Owner: postgres
--

CREATE INDEX yakuri_fields_reltarget_target_id_a13a1585 ON public.yakuri_fields_reltarget USING btree (target_id);


--
-- Name: yakuri_fields_subject_id_6eaa592b; Type: INDEX; Schema: public; Owner: postgres
--

CREATE INDEX yakuri_fields_subject_id_6eaa592b ON public.yakuri_fields USING btree (subject_id);


--
-- Name: yakuri_subject_subjects_060d6f16_like; Type: INDEX; Schema: public; Owner: postgres
--

CREATE INDEX yakuri_subject_subjects_060d6f16_like ON public.yakuri_subject USING btree (subjects varchar_pattern_ops);


--
-- Name: yakuri_target_targets_dfa93e81_like; Type: INDEX; Schema: public; Owner: postgres
--

CREATE INDEX yakuri_target_targets_dfa93e81_like ON public.yakuri_target USING btree (targets varchar_pattern_ops);


--
-- Name: auth_group_permissions auth_group_permissio_permission_id_84c5c92e_fk_auth_perm; Type: FK CONSTRAINT; Schema: public; Owner: postgres
--

ALTER TABLE ONLY public.auth_group_permissions
    ADD CONSTRAINT auth_group_permissio_permission_id_84c5c92e_fk_auth_perm FOREIGN KEY (permission_id) REFERENCES public.auth_permission(id) DEFERRABLE INITIALLY DEFERRED;


--
-- Name: auth_group_permissions auth_group_permissions_group_id_b120cbf9_fk_auth_group_id; Type: FK CONSTRAINT; Schema: public; Owner: postgres
--

ALTER TABLE ONLY public.auth_group_permissions
    ADD CONSTRAINT auth_group_permissions_group_id_b120cbf9_fk_auth_group_id FOREIGN KEY (group_id) REFERENCES public.auth_group(id) DEFERRABLE INITIALLY DEFERRED;


--
-- Name: auth_permission auth_permission_content_type_id_2f476e4b_fk_django_co; Type: FK CONSTRAINT; Schema: public; Owner: postgres
--

ALTER TABLE ONLY public.auth_permission
    ADD CONSTRAINT auth_permission_content_type_id_2f476e4b_fk_django_co FOREIGN KEY (content_type_id) REFERENCES public.django_content_type(id) DEFERRABLE INITIALLY DEFERRED;


--
-- Name: auth_user_groups auth_user_groups_group_id_97559544_fk_auth_group_id; Type: FK CONSTRAINT; Schema: public; Owner: postgres
--

ALTER TABLE ONLY public.auth_user_groups
    ADD CONSTRAINT auth_user_groups_group_id_97559544_fk_auth_group_id FOREIGN KEY (group_id) REFERENCES public.auth_group(id) DEFERRABLE INITIALLY DEFERRED;


--
-- Name: auth_user_groups auth_user_groups_user_id_6a12ed8b_fk_auth_user_id; Type: FK CONSTRAINT; Schema: public; Owner: postgres
--

ALTER TABLE ONLY public.auth_user_groups
    ADD CONSTRAINT auth_user_groups_user_id_6a12ed8b_fk_auth_user_id FOREIGN KEY (user_id) REFERENCES public.auth_user(id) DEFERRABLE INITIALLY DEFERRED;


--
-- Name: auth_user_user_permissions auth_user_user_permi_permission_id_1fbb5f2c_fk_auth_perm; Type: FK CONSTRAINT; Schema: public; Owner: postgres
--

ALTER TABLE ONLY public.auth_user_user_permissions
    ADD CONSTRAINT auth_user_user_permi_permission_id_1fbb5f2c_fk_auth_perm FOREIGN KEY (permission_id) REFERENCES public.auth_permission(id) DEFERRABLE INITIALLY DEFERRED;


--
-- Name: auth_user_user_permissions auth_user_user_permissions_user_id_a95ead1b_fk_auth_user_id; Type: FK CONSTRAINT; Schema: public; Owner: postgres
--

ALTER TABLE ONLY public.auth_user_user_permissions
    ADD CONSTRAINT auth_user_user_permissions_user_id_a95ead1b_fk_auth_user_id FOREIGN KEY (user_id) REFERENCES public.auth_user(id) DEFERRABLE INITIALLY DEFERRED;


--
-- Name: django_admin_log django_admin_log_content_type_id_c4bce8eb_fk_django_co; Type: FK CONSTRAINT; Schema: public; Owner: postgres
--

ALTER TABLE ONLY public.django_admin_log
    ADD CONSTRAINT django_admin_log_content_type_id_c4bce8eb_fk_django_co FOREIGN KEY (content_type_id) REFERENCES public.django_content_type(id) DEFERRABLE INITIALLY DEFERRED;


--
-- Name: django_admin_log django_admin_log_user_id_c564eba6_fk_auth_user_id; Type: FK CONSTRAINT; Schema: public; Owner: postgres
--

ALTER TABLE ONLY public.django_admin_log
    ADD CONSTRAINT django_admin_log_user_id_c564eba6_fk_auth_user_id FOREIGN KEY (user_id) REFERENCES public.auth_user(id) DEFERRABLE INITIALLY DEFERRED;


--
-- Name: yakuri_detail yakuri_detail_field_id_8aa4285f_fk_yakuri_fields_id; Type: FK CONSTRAINT; Schema: public; Owner: postgres
--

ALTER TABLE ONLY public.yakuri_detail
    ADD CONSTRAINT yakuri_detail_field_id_8aa4285f_fk_yakuri_fields_id FOREIGN KEY (field_id) REFERENCES public.yakuri_fields(id) DEFERRABLE INITIALLY DEFERRED;


--
-- Name: yakuri_detail yakuri_detail_grade_id_4c1d9abd_fk_yakuri_grade_id; Type: FK CONSTRAINT; Schema: public; Owner: postgres
--

ALTER TABLE ONLY public.yakuri_detail
    ADD CONSTRAINT yakuri_detail_grade_id_4c1d9abd_fk_yakuri_grade_id FOREIGN KEY (grade_id) REFERENCES public.yakuri_grade(id) DEFERRABLE INITIALLY DEFERRED;


--
-- Name: yakuri_detail yakuri_detail_season_id_cd913b36_fk_yakuri_season_id; Type: FK CONSTRAINT; Schema: public; Owner: postgres
--

ALTER TABLE ONLY public.yakuri_detail
    ADD CONSTRAINT yakuri_detail_season_id_cd913b36_fk_yakuri_season_id FOREIGN KEY (season_id) REFERENCES public.yakuri_season(id) DEFERRABLE INITIALLY DEFERRED;


--
-- Name: yakuri_detail_target yakuri_detail_target_detail_id_28ffde3f_fk_yakuri_detail_id; Type: FK CONSTRAINT; Schema: public; Owner: postgres
--

ALTER TABLE ONLY public.yakuri_detail_target
    ADD CONSTRAINT yakuri_detail_target_detail_id_28ffde3f_fk_yakuri_detail_id FOREIGN KEY (detail_id) REFERENCES public.yakuri_detail(id) DEFERRABLE INITIALLY DEFERRED;


--
-- Name: yakuri_detail_target yakuri_detail_target_target_id_a4817269_fk_yakuri_target_id; Type: FK CONSTRAINT; Schema: public; Owner: postgres
--

ALTER TABLE ONLY public.yakuri_detail_target
    ADD CONSTRAINT yakuri_detail_target_target_id_a4817269_fk_yakuri_target_id FOREIGN KEY (target_id) REFERENCES public.yakuri_target(id) DEFERRABLE INITIALLY DEFERRED;


--
-- Name: yakuri_detail yakuri_detail_work_id_090c5360_fk_yakuri_work_id; Type: FK CONSTRAINT; Schema: public; Owner: postgres
--

ALTER TABLE ONLY public.yakuri_detail
    ADD CONSTRAINT yakuri_detail_work_id_090c5360_fk_yakuri_work_id FOREIGN KEY (work_id) REFERENCES public.yakuri_work(id) DEFERRABLE INITIALLY DEFERRED;


--
-- Name: yakuri_fields_reltarget yakuri_fields_reltarget_fields_id_1c3c8b75_fk_yakuri_fields_id; Type: FK CONSTRAINT; Schema: public; Owner: postgres
--

ALTER TABLE ONLY public.yakuri_fields_reltarget
    ADD CONSTRAINT yakuri_fields_reltarget_fields_id_1c3c8b75_fk_yakuri_fields_id FOREIGN KEY (fields_id) REFERENCES public.yakuri_fields(id) DEFERRABLE INITIALLY DEFERRED;


--
-- Name: yakuri_fields_reltarget yakuri_fields_reltarget_target_id_a13a1585_fk_yakuri_target_id; Type: FK CONSTRAINT; Schema: public; Owner: postgres
--

ALTER TABLE ONLY public.yakuri_fields_reltarget
    ADD CONSTRAINT yakuri_fields_reltarget_target_id_a13a1585_fk_yakuri_target_id FOREIGN KEY (target_id) REFERENCES public.yakuri_target(id) DEFERRABLE INITIALLY DEFERRED;


--
-- Name: yakuri_fields yakuri_fields_subject_id_6eaa592b_fk_yakuri_subject_id; Type: FK CONSTRAINT; Schema: public; Owner: postgres
--

ALTER TABLE ONLY public.yakuri_fields
    ADD CONSTRAINT yakuri_fields_subject_id_6eaa592b_fk_yakuri_subject_id FOREIGN KEY (subject_id) REFERENCES public.yakuri_subject(id) DEFERRABLE INITIALLY DEFERRED;


--
-- Name: SCHEMA public; Type: ACL; Schema: -; Owner: postgres
--

GRANT ALL ON SCHEMA public TO PUBLIC;


--
-- PostgreSQL database dump complete
--

