--
-- PostgreSQL database dump
--

-- Dumped from database version 10.10 (Ubuntu 10.10-0ubuntu0.18.04.1)
-- Dumped by pg_dump version 10.10 (Ubuntu 10.10-0ubuntu0.18.04.1)

SET statement_timeout = 0;
SET lock_timeout = 0;
SET idle_in_transaction_session_timeout = 0;
SET client_encoding = 'UTF8';
SET standard_conforming_strings = on;
SELECT pg_catalog.set_config('search_path', '', false);
SET check_function_bodies = false;
SET xmloption = content;
SET client_min_messages = warning;
SET row_security = off;

ALTER TABLE ONLY public.yakuri_fields DROP CONSTRAINT yakuri_fields_subject_id_6eaa592b_fk_yakuri_subject_id;
ALTER TABLE ONLY public.yakuri_fields_reltarget DROP CONSTRAINT yakuri_fields_reltarget_target_id_a13a1585_fk_yakuri_target_id;
ALTER TABLE ONLY public.yakuri_fields_reltarget DROP CONSTRAINT yakuri_fields_reltarget_fields_id_1c3c8b75_fk_yakuri_fields_id;
ALTER TABLE ONLY public.yakuri_detail DROP CONSTRAINT yakuri_detail_work_id_090c5360_fk_yakuri_work_id;
ALTER TABLE ONLY public.yakuri_detail_target DROP CONSTRAINT yakuri_detail_target_target_id_a4817269_fk_yakuri_target_id;
ALTER TABLE ONLY public.yakuri_detail_target DROP CONSTRAINT yakuri_detail_target_detail_id_28ffde3f_fk_yakuri_detail_id;
ALTER TABLE ONLY public.yakuri_detail DROP CONSTRAINT yakuri_detail_season_id_cd913b36_fk_yakuri_season_id;
ALTER TABLE ONLY public.yakuri_detail DROP CONSTRAINT yakuri_detail_grade_id_4c1d9abd_fk_yakuri_grade_id;
ALTER TABLE ONLY public.yakuri_detail DROP CONSTRAINT yakuri_detail_field_id_8aa4285f_fk_yakuri_fields_id;
ALTER TABLE ONLY public.django_admin_log DROP CONSTRAINT django_admin_log_user_id_c564eba6_fk_auth_user_id;
ALTER TABLE ONLY public.django_admin_log DROP CONSTRAINT django_admin_log_content_type_id_c4bce8eb_fk_django_co;
ALTER TABLE ONLY public.auth_user_user_permissions DROP CONSTRAINT auth_user_user_permissions_user_id_a95ead1b_fk_auth_user_id;
ALTER TABLE ONLY public.auth_user_user_permissions DROP CONSTRAINT auth_user_user_permi_permission_id_1fbb5f2c_fk_auth_perm;
ALTER TABLE ONLY public.auth_user_groups DROP CONSTRAINT auth_user_groups_user_id_6a12ed8b_fk_auth_user_id;
ALTER TABLE ONLY public.auth_user_groups DROP CONSTRAINT auth_user_groups_group_id_97559544_fk_auth_group_id;
ALTER TABLE ONLY public.auth_permission DROP CONSTRAINT auth_permission_content_type_id_2f476e4b_fk_django_co;
ALTER TABLE ONLY public.auth_group_permissions DROP CONSTRAINT auth_group_permissions_group_id_b120cbf9_fk_auth_group_id;
ALTER TABLE ONLY public.auth_group_permissions DROP CONSTRAINT auth_group_permissio_permission_id_84c5c92e_fk_auth_perm;
DROP INDEX public.yakuri_target_targets_dfa93e81_like;
DROP INDEX public.yakuri_subject_subjects_060d6f16_like;
DROP INDEX public.yakuri_fields_subject_id_6eaa592b;
DROP INDEX public.yakuri_fields_reltarget_target_id_a13a1585;
DROP INDEX public.yakuri_fields_reltarget_fields_id_1c3c8b75;
DROP INDEX public.yakuri_fields_fields_f53c1d3b_like;
DROP INDEX public.yakuri_detail_work_id_090c5360;
DROP INDEX public.yakuri_detail_target_target_id_a4817269;
DROP INDEX public.yakuri_detail_target_detail_id_28ffde3f;
DROP INDEX public.yakuri_detail_season_id_cd913b36;
DROP INDEX public.yakuri_detail_grade_id_4c1d9abd;
DROP INDEX public.yakuri_detail_field_id_8aa4285f;
DROP INDEX public.django_session_session_key_c0390e0f_like;
DROP INDEX public.django_session_expire_date_a5c62663;
DROP INDEX public.django_admin_log_user_id_c564eba6;
DROP INDEX public.django_admin_log_content_type_id_c4bce8eb;
DROP INDEX public.auth_user_username_6821ab7c_like;
DROP INDEX public.auth_user_user_permissions_user_id_a95ead1b;
DROP INDEX public.auth_user_user_permissions_permission_id_1fbb5f2c;
DROP INDEX public.auth_user_groups_user_id_6a12ed8b;
DROP INDEX public.auth_user_groups_group_id_97559544;
DROP INDEX public.auth_permission_content_type_id_2f476e4b;
DROP INDEX public.auth_group_permissions_permission_id_84c5c92e;
DROP INDEX public.auth_group_permissions_group_id_b120cbf9;
DROP INDEX public.auth_group_name_a6ea08ec_like;
ALTER TABLE ONLY public.yakuri_work DROP CONSTRAINT yakuri_work_pkey;
ALTER TABLE ONLY public.yakuri_target DROP CONSTRAINT yakuri_target_targets_key;
ALTER TABLE ONLY public.yakuri_target DROP CONSTRAINT yakuri_target_pkey;
ALTER TABLE ONLY public.yakuri_subject DROP CONSTRAINT yakuri_subject_subjects_key;
ALTER TABLE ONLY public.yakuri_subject DROP CONSTRAINT yakuri_subject_pkey;
ALTER TABLE ONLY public.yakuri_season DROP CONSTRAINT yakuri_season_pkey;
ALTER TABLE ONLY public.yakuri_grade DROP CONSTRAINT yakuri_grade_pkey;
ALTER TABLE ONLY public.yakuri_fields_reltarget DROP CONSTRAINT yakuri_fields_reltarget_pkey;
ALTER TABLE ONLY public.yakuri_fields_reltarget DROP CONSTRAINT yakuri_fields_reltarget_fields_id_target_id_cabaa8d8_uniq;
ALTER TABLE ONLY public.yakuri_fields DROP CONSTRAINT yakuri_fields_pkey;
ALTER TABLE ONLY public.yakuri_fields DROP CONSTRAINT yakuri_fields_fields_key;
ALTER TABLE ONLY public.yakuri_detail_target DROP CONSTRAINT yakuri_detail_target_pkey;
ALTER TABLE ONLY public.yakuri_detail_target DROP CONSTRAINT yakuri_detail_target_detail_id_target_id_50a41c40_uniq;
ALTER TABLE ONLY public.yakuri_detail DROP CONSTRAINT yakuri_detail_pkey;
ALTER TABLE ONLY public.yakuri_fields DROP CONSTRAINT subjects_fields_unique;
ALTER TABLE ONLY public.yakuri_detail DROP CONSTRAINT field_name;
ALTER TABLE ONLY public.django_session DROP CONSTRAINT django_session_pkey;
ALTER TABLE ONLY public.django_migrations DROP CONSTRAINT django_migrations_pkey;
ALTER TABLE ONLY public.django_content_type DROP CONSTRAINT django_content_type_pkey;
ALTER TABLE ONLY public.django_content_type DROP CONSTRAINT django_content_type_app_label_model_76bd3d3b_uniq;
ALTER TABLE ONLY public.django_admin_log DROP CONSTRAINT django_admin_log_pkey;
ALTER TABLE ONLY public.auth_user DROP CONSTRAINT auth_user_username_key;
ALTER TABLE ONLY public.auth_user_user_permissions DROP CONSTRAINT auth_user_user_permissions_user_id_permission_id_14a6b632_uniq;
ALTER TABLE ONLY public.auth_user_user_permissions DROP CONSTRAINT auth_user_user_permissions_pkey;
ALTER TABLE ONLY public.auth_user DROP CONSTRAINT auth_user_pkey;
ALTER TABLE ONLY public.auth_user_groups DROP CONSTRAINT auth_user_groups_user_id_group_id_94350c0c_uniq;
ALTER TABLE ONLY public.auth_user_groups DROP CONSTRAINT auth_user_groups_pkey;
ALTER TABLE ONLY public.auth_permission DROP CONSTRAINT auth_permission_pkey;
ALTER TABLE ONLY public.auth_permission DROP CONSTRAINT auth_permission_content_type_id_codename_01ab375a_uniq;
ALTER TABLE ONLY public.auth_group DROP CONSTRAINT auth_group_pkey;
ALTER TABLE ONLY public.auth_group_permissions DROP CONSTRAINT auth_group_permissions_pkey;
ALTER TABLE ONLY public.auth_group_permissions DROP CONSTRAINT auth_group_permissions_group_id_permission_id_0cd325b0_uniq;
ALTER TABLE ONLY public.auth_group DROP CONSTRAINT auth_group_name_key;
ALTER TABLE public.yakuri_work ALTER COLUMN id DROP DEFAULT;
ALTER TABLE public.yakuri_target ALTER COLUMN id DROP DEFAULT;
ALTER TABLE public.yakuri_subject ALTER COLUMN id DROP DEFAULT;
ALTER TABLE public.yakuri_season ALTER COLUMN id DROP DEFAULT;
ALTER TABLE public.yakuri_grade ALTER COLUMN id DROP DEFAULT;
ALTER TABLE public.yakuri_fields_reltarget ALTER COLUMN id DROP DEFAULT;
ALTER TABLE public.yakuri_fields ALTER COLUMN id DROP DEFAULT;
ALTER TABLE public.yakuri_detail_target ALTER COLUMN id DROP DEFAULT;
ALTER TABLE public.yakuri_detail ALTER COLUMN id DROP DEFAULT;
ALTER TABLE public.django_migrations ALTER COLUMN id DROP DEFAULT;
ALTER TABLE public.django_content_type ALTER COLUMN id DROP DEFAULT;
ALTER TABLE public.django_admin_log ALTER COLUMN id DROP DEFAULT;
ALTER TABLE public.auth_user_user_permissions ALTER COLUMN id DROP DEFAULT;
ALTER TABLE public.auth_user_groups ALTER COLUMN id DROP DEFAULT;
ALTER TABLE public.auth_user ALTER COLUMN id DROP DEFAULT;
ALTER TABLE public.auth_permission ALTER COLUMN id DROP DEFAULT;
ALTER TABLE public.auth_group_permissions ALTER COLUMN id DROP DEFAULT;
ALTER TABLE public.auth_group ALTER COLUMN id DROP DEFAULT;
DROP SEQUENCE public.yakuri_work_id_seq;
DROP TABLE public.yakuri_work;
DROP SEQUENCE public.yakuri_target_id_seq;
DROP TABLE public.yakuri_target;
DROP SEQUENCE public.yakuri_subject_id_seq;
DROP TABLE public.yakuri_subject;
DROP SEQUENCE public.yakuri_season_id_seq;
DROP TABLE public.yakuri_season;
DROP SEQUENCE public.yakuri_grade_id_seq;
DROP TABLE public.yakuri_grade;
DROP SEQUENCE public.yakuri_fields_reltarget_id_seq;
DROP TABLE public.yakuri_fields_reltarget;
DROP SEQUENCE public.yakuri_fields_id_seq;
DROP TABLE public.yakuri_fields;
DROP SEQUENCE public.yakuri_detail_target_id_seq;
DROP TABLE public.yakuri_detail_target;
DROP SEQUENCE public.yakuri_detail_id_seq;
DROP TABLE public.yakuri_detail;
DROP TABLE public.django_session;
DROP SEQUENCE public.django_migrations_id_seq;
DROP TABLE public.django_migrations;
DROP SEQUENCE public.django_content_type_id_seq;
DROP TABLE public.django_content_type;
DROP SEQUENCE public.django_admin_log_id_seq;
DROP TABLE public.django_admin_log;
DROP SEQUENCE public.auth_user_user_permissions_id_seq;
DROP TABLE public.auth_user_user_permissions;
DROP SEQUENCE public.auth_user_id_seq;
DROP SEQUENCE public.auth_user_groups_id_seq;
DROP TABLE public.auth_user_groups;
DROP TABLE public.auth_user;
DROP SEQUENCE public.auth_permission_id_seq;
DROP TABLE public.auth_permission;
DROP SEQUENCE public.auth_group_permissions_id_seq;
DROP TABLE public.auth_group_permissions;
DROP SEQUENCE public.auth_group_id_seq;
DROP TABLE public.auth_group;
DROP EXTENSION plpgsql;
DROP SCHEMA public;
--
-- Name: public; Type: SCHEMA; Schema: -; Owner: postgres
--

CREATE SCHEMA public;


ALTER SCHEMA public OWNER TO postgres;

--
-- Name: SCHEMA public; Type: COMMENT; Schema: -; Owner: postgres
--

COMMENT ON SCHEMA public IS 'standard public schema';


--
-- Name: plpgsql; Type: EXTENSION; Schema: -; Owner: 
--

CREATE EXTENSION IF NOT EXISTS plpgsql WITH SCHEMA pg_catalog;


--
-- Name: EXTENSION plpgsql; Type: COMMENT; Schema: -; Owner: 
--

COMMENT ON EXTENSION plpgsql IS 'PL/pgSQL procedural language';


SET default_tablespace = '';

SET default_with_oids = false;

--
-- Name: auth_group; Type: TABLE; Schema: public; Owner: postgres
--

CREATE TABLE public.auth_group (
    id integer NOT NULL,
    name character varying(150) NOT NULL
);


ALTER TABLE public.auth_group OWNER TO postgres;

--
-- Name: auth_group_id_seq; Type: SEQUENCE; Schema: public; Owner: postgres
--

CREATE SEQUENCE public.auth_group_id_seq
    AS integer
    START WITH 1
    INCREMENT BY 1
    NO MINVALUE
    NO MAXVALUE
    CACHE 1;


ALTER TABLE public.auth_group_id_seq OWNER TO postgres;

--
-- Name: auth_group_id_seq; Type: SEQUENCE OWNED BY; Schema: public; Owner: postgres
--

ALTER SEQUENCE public.auth_group_id_seq OWNED BY public.auth_group.id;


--
-- Name: auth_group_permissions; Type: TABLE; Schema: public; Owner: postgres
--

CREATE TABLE public.auth_group_permissions (
    id integer NOT NULL,
    group_id integer NOT NULL,
    permission_id integer NOT NULL
);


ALTER TABLE public.auth_group_permissions OWNER TO postgres;

--
-- Name: auth_group_permissions_id_seq; Type: SEQUENCE; Schema: public; Owner: postgres
--

CREATE SEQUENCE public.auth_group_permissions_id_seq
    AS integer
    START WITH 1
    INCREMENT BY 1
    NO MINVALUE
    NO MAXVALUE
    CACHE 1;


ALTER TABLE public.auth_group_permissions_id_seq OWNER TO postgres;

--
-- Name: auth_group_permissions_id_seq; Type: SEQUENCE OWNED BY; Schema: public; Owner: postgres
--

ALTER SEQUENCE public.auth_group_permissions_id_seq OWNED BY public.auth_group_permissions.id;


--
-- Name: auth_permission; Type: TABLE; Schema: public; Owner: postgres
--

CREATE TABLE public.auth_permission (
    id integer NOT NULL,
    name character varying(255) NOT NULL,
    content_type_id integer NOT NULL,
    codename character varying(100) NOT NULL
);


ALTER TABLE public.auth_permission OWNER TO postgres;

--
-- Name: auth_permission_id_seq; Type: SEQUENCE; Schema: public; Owner: postgres
--

CREATE SEQUENCE public.auth_permission_id_seq
    AS integer
    START WITH 1
    INCREMENT BY 1
    NO MINVALUE
    NO MAXVALUE
    CACHE 1;


ALTER TABLE public.auth_permission_id_seq OWNER TO postgres;

--
-- Name: auth_permission_id_seq; Type: SEQUENCE OWNED BY; Schema: public; Owner: postgres
--

ALTER SEQUENCE public.auth_permission_id_seq OWNED BY public.auth_permission.id;


--
-- Name: auth_user; Type: TABLE; Schema: public; Owner: postgres
--

CREATE TABLE public.auth_user (
    id integer NOT NULL,
    password character varying(128) NOT NULL,
    last_login timestamp with time zone,
    is_superuser boolean NOT NULL,
    username character varying(150) NOT NULL,
    first_name character varying(30) NOT NULL,
    last_name character varying(150) NOT NULL,
    email character varying(254) NOT NULL,
    is_staff boolean NOT NULL,
    is_active boolean NOT NULL,
    date_joined timestamp with time zone NOT NULL
);


ALTER TABLE public.auth_user OWNER TO postgres;

--
-- Name: auth_user_groups; Type: TABLE; Schema: public; Owner: postgres
--

CREATE TABLE public.auth_user_groups (
    id integer NOT NULL,
    user_id integer NOT NULL,
    group_id integer NOT NULL
);


ALTER TABLE public.auth_user_groups OWNER TO postgres;

--
-- Name: auth_user_groups_id_seq; Type: SEQUENCE; Schema: public; Owner: postgres
--

CREATE SEQUENCE public.auth_user_groups_id_seq
    AS integer
    START WITH 1
    INCREMENT BY 1
    NO MINVALUE
    NO MAXVALUE
    CACHE 1;


ALTER TABLE public.auth_user_groups_id_seq OWNER TO postgres;

--
-- Name: auth_user_groups_id_seq; Type: SEQUENCE OWNED BY; Schema: public; Owner: postgres
--

ALTER SEQUENCE public.auth_user_groups_id_seq OWNED BY public.auth_user_groups.id;


--
-- Name: auth_user_id_seq; Type: SEQUENCE; Schema: public; Owner: postgres
--

CREATE SEQUENCE public.auth_user_id_seq
    AS integer
    START WITH 1
    INCREMENT BY 1
    NO MINVALUE
    NO MAXVALUE
    CACHE 1;


ALTER TABLE public.auth_user_id_seq OWNER TO postgres;

--
-- Name: auth_user_id_seq; Type: SEQUENCE OWNED BY; Schema: public; Owner: postgres
--

ALTER SEQUENCE public.auth_user_id_seq OWNED BY public.auth_user.id;


--
-- Name: auth_user_user_permissions; Type: TABLE; Schema: public; Owner: postgres
--

CREATE TABLE public.auth_user_user_permissions (
    id integer NOT NULL,
    user_id integer NOT NULL,
    permission_id integer NOT NULL
);


ALTER TABLE public.auth_user_user_permissions OWNER TO postgres;

--
-- Name: auth_user_user_permissions_id_seq; Type: SEQUENCE; Schema: public; Owner: postgres
--

CREATE SEQUENCE public.auth_user_user_permissions_id_seq
    AS integer
    START WITH 1
    INCREMENT BY 1
    NO MINVALUE
    NO MAXVALUE
    CACHE 1;


ALTER TABLE public.auth_user_user_permissions_id_seq OWNER TO postgres;

--
-- Name: auth_user_user_permissions_id_seq; Type: SEQUENCE OWNED BY; Schema: public; Owner: postgres
--

ALTER SEQUENCE public.auth_user_user_permissions_id_seq OWNED BY public.auth_user_user_permissions.id;


--
-- Name: django_admin_log; Type: TABLE; Schema: public; Owner: postgres
--

CREATE TABLE public.django_admin_log (
    id integer NOT NULL,
    action_time timestamp with time zone NOT NULL,
    object_id text,
    object_repr character varying(200) NOT NULL,
    action_flag smallint NOT NULL,
    change_message text NOT NULL,
    content_type_id integer,
    user_id integer NOT NULL,
    CONSTRAINT django_admin_log_action_flag_check CHECK ((action_flag >= 0))
);


ALTER TABLE public.django_admin_log OWNER TO postgres;

--
-- Name: django_admin_log_id_seq; Type: SEQUENCE; Schema: public; Owner: postgres
--

CREATE SEQUENCE public.django_admin_log_id_seq
    AS integer
    START WITH 1
    INCREMENT BY 1
    NO MINVALUE
    NO MAXVALUE
    CACHE 1;


ALTER TABLE public.django_admin_log_id_seq OWNER TO postgres;

--
-- Name: django_admin_log_id_seq; Type: SEQUENCE OWNED BY; Schema: public; Owner: postgres
--

ALTER SEQUENCE public.django_admin_log_id_seq OWNED BY public.django_admin_log.id;


--
-- Name: django_content_type; Type: TABLE; Schema: public; Owner: postgres
--

CREATE TABLE public.django_content_type (
    id integer NOT NULL,
    app_label character varying(100) NOT NULL,
    model character varying(100) NOT NULL
);


ALTER TABLE public.django_content_type OWNER TO postgres;

--
-- Name: django_content_type_id_seq; Type: SEQUENCE; Schema: public; Owner: postgres
--

CREATE SEQUENCE public.django_content_type_id_seq
    AS integer
    START WITH 1
    INCREMENT BY 1
    NO MINVALUE
    NO MAXVALUE
    CACHE 1;


ALTER TABLE public.django_content_type_id_seq OWNER TO postgres;

--
-- Name: django_content_type_id_seq; Type: SEQUENCE OWNED BY; Schema: public; Owner: postgres
--

ALTER SEQUENCE public.django_content_type_id_seq OWNED BY public.django_content_type.id;


--
-- Name: django_migrations; Type: TABLE; Schema: public; Owner: postgres
--

CREATE TABLE public.django_migrations (
    id integer NOT NULL,
    app character varying(255) NOT NULL,
    name character varying(255) NOT NULL,
    applied timestamp with time zone NOT NULL
);


ALTER TABLE public.django_migrations OWNER TO postgres;

--
-- Name: django_migrations_id_seq; Type: SEQUENCE; Schema: public; Owner: postgres
--

CREATE SEQUENCE public.django_migrations_id_seq
    AS integer
    START WITH 1
    INCREMENT BY 1
    NO MINVALUE
    NO MAXVALUE
    CACHE 1;


ALTER TABLE public.django_migrations_id_seq OWNER TO postgres;

--
-- Name: django_migrations_id_seq; Type: SEQUENCE OWNED BY; Schema: public; Owner: postgres
--

ALTER SEQUENCE public.django_migrations_id_seq OWNED BY public.django_migrations.id;


--
-- Name: django_session; Type: TABLE; Schema: public; Owner: postgres
--

CREATE TABLE public.django_session (
    session_key character varying(40) NOT NULL,
    session_data text NOT NULL,
    expire_date timestamp with time zone NOT NULL
);


ALTER TABLE public.django_session OWNER TO postgres;

--
-- Name: yakuri_detail; Type: TABLE; Schema: public; Owner: postgres
--

CREATE TABLE public.yakuri_detail (
    id integer NOT NULL,
    name character varying(25) NOT NULL,
    detail text,
    structure character varying(100),
    field_id integer NOT NULL,
    grade_id integer NOT NULL,
    season_id integer NOT NULL,
    work_id integer NOT NULL
);


ALTER TABLE public.yakuri_detail OWNER TO postgres;

--
-- Name: yakuri_detail_id_seq; Type: SEQUENCE; Schema: public; Owner: postgres
--

CREATE SEQUENCE public.yakuri_detail_id_seq
    AS integer
    START WITH 1
    INCREMENT BY 1
    NO MINVALUE
    NO MAXVALUE
    CACHE 1;


ALTER TABLE public.yakuri_detail_id_seq OWNER TO postgres;

--
-- Name: yakuri_detail_id_seq; Type: SEQUENCE OWNED BY; Schema: public; Owner: postgres
--

ALTER SEQUENCE public.yakuri_detail_id_seq OWNED BY public.yakuri_detail.id;


--
-- Name: yakuri_detail_target; Type: TABLE; Schema: public; Owner: postgres
--

CREATE TABLE public.yakuri_detail_target (
    id integer NOT NULL,
    detail_id integer NOT NULL,
    target_id integer NOT NULL
);


ALTER TABLE public.yakuri_detail_target OWNER TO postgres;

--
-- Name: yakuri_detail_target_id_seq; Type: SEQUENCE; Schema: public; Owner: postgres
--

CREATE SEQUENCE public.yakuri_detail_target_id_seq
    AS integer
    START WITH 1
    INCREMENT BY 1
    NO MINVALUE
    NO MAXVALUE
    CACHE 1;


ALTER TABLE public.yakuri_detail_target_id_seq OWNER TO postgres;

--
-- Name: yakuri_detail_target_id_seq; Type: SEQUENCE OWNED BY; Schema: public; Owner: postgres
--

ALTER SEQUENCE public.yakuri_detail_target_id_seq OWNED BY public.yakuri_detail_target.id;


--
-- Name: yakuri_fields; Type: TABLE; Schema: public; Owner: postgres
--

CREATE TABLE public.yakuri_fields (
    id integer NOT NULL,
    fields character varying(25) NOT NULL,
    descriptione text,
    subject_id integer NOT NULL
);


ALTER TABLE public.yakuri_fields OWNER TO postgres;

--
-- Name: yakuri_fields_id_seq; Type: SEQUENCE; Schema: public; Owner: postgres
--

CREATE SEQUENCE public.yakuri_fields_id_seq
    AS integer
    START WITH 1
    INCREMENT BY 1
    NO MINVALUE
    NO MAXVALUE
    CACHE 1;


ALTER TABLE public.yakuri_fields_id_seq OWNER TO postgres;

--
-- Name: yakuri_fields_id_seq; Type: SEQUENCE OWNED BY; Schema: public; Owner: postgres
--

ALTER SEQUENCE public.yakuri_fields_id_seq OWNED BY public.yakuri_fields.id;


--
-- Name: yakuri_fields_reltarget; Type: TABLE; Schema: public; Owner: postgres
--

CREATE TABLE public.yakuri_fields_reltarget (
    id integer NOT NULL,
    fields_id integer NOT NULL,
    target_id integer NOT NULL
);


ALTER TABLE public.yakuri_fields_reltarget OWNER TO postgres;

--
-- Name: yakuri_fields_reltarget_id_seq; Type: SEQUENCE; Schema: public; Owner: postgres
--

CREATE SEQUENCE public.yakuri_fields_reltarget_id_seq
    AS integer
    START WITH 1
    INCREMENT BY 1
    NO MINVALUE
    NO MAXVALUE
    CACHE 1;


ALTER TABLE public.yakuri_fields_reltarget_id_seq OWNER TO postgres;

--
-- Name: yakuri_fields_reltarget_id_seq; Type: SEQUENCE OWNED BY; Schema: public; Owner: postgres
--

ALTER SEQUENCE public.yakuri_fields_reltarget_id_seq OWNED BY public.yakuri_fields_reltarget.id;


--
-- Name: yakuri_grade; Type: TABLE; Schema: public; Owner: postgres
--

CREATE TABLE public.yakuri_grade (
    id integer NOT NULL,
    grades character varying(10) NOT NULL
);


ALTER TABLE public.yakuri_grade OWNER TO postgres;

--
-- Name: yakuri_grade_id_seq; Type: SEQUENCE; Schema: public; Owner: postgres
--

CREATE SEQUENCE public.yakuri_grade_id_seq
    AS integer
    START WITH 1
    INCREMENT BY 1
    NO MINVALUE
    NO MAXVALUE
    CACHE 1;


ALTER TABLE public.yakuri_grade_id_seq OWNER TO postgres;

--
-- Name: yakuri_grade_id_seq; Type: SEQUENCE OWNED BY; Schema: public; Owner: postgres
--

ALTER SEQUENCE public.yakuri_grade_id_seq OWNED BY public.yakuri_grade.id;


--
-- Name: yakuri_season; Type: TABLE; Schema: public; Owner: postgres
--

CREATE TABLE public.yakuri_season (
    id integer NOT NULL,
    seasons character varying(5) NOT NULL
);


ALTER TABLE public.yakuri_season OWNER TO postgres;

--
-- Name: yakuri_season_id_seq; Type: SEQUENCE; Schema: public; Owner: postgres
--

CREATE SEQUENCE public.yakuri_season_id_seq
    AS integer
    START WITH 1
    INCREMENT BY 1
    NO MINVALUE
    NO MAXVALUE
    CACHE 1;


ALTER TABLE public.yakuri_season_id_seq OWNER TO postgres;

--
-- Name: yakuri_season_id_seq; Type: SEQUENCE OWNED BY; Schema: public; Owner: postgres
--

ALTER SEQUENCE public.yakuri_season_id_seq OWNED BY public.yakuri_season.id;


--
-- Name: yakuri_subject; Type: TABLE; Schema: public; Owner: postgres
--

CREATE TABLE public.yakuri_subject (
    id integer NOT NULL,
    subjects character varying(10) NOT NULL,
    subinfo text
);


ALTER TABLE public.yakuri_subject OWNER TO postgres;

--
-- Name: yakuri_subject_id_seq; Type: SEQUENCE; Schema: public; Owner: postgres
--

CREATE SEQUENCE public.yakuri_subject_id_seq
    AS integer
    START WITH 1
    INCREMENT BY 1
    NO MINVALUE
    NO MAXVALUE
    CACHE 1;


ALTER TABLE public.yakuri_subject_id_seq OWNER TO postgres;

--
-- Name: yakuri_subject_id_seq; Type: SEQUENCE OWNED BY; Schema: public; Owner: postgres
--

ALTER SEQUENCE public.yakuri_subject_id_seq OWNED BY public.yakuri_subject.id;


--
-- Name: yakuri_target; Type: TABLE; Schema: public; Owner: postgres
--

CREATE TABLE public.yakuri_target (
    id integer NOT NULL,
    targets character varying(35) NOT NULL
);


ALTER TABLE public.yakuri_target OWNER TO postgres;

--
-- Name: yakuri_target_id_seq; Type: SEQUENCE; Schema: public; Owner: postgres
--

CREATE SEQUENCE public.yakuri_target_id_seq
    AS integer
    START WITH 1
    INCREMENT BY 1
    NO MINVALUE
    NO MAXVALUE
    CACHE 1;


ALTER TABLE public.yakuri_target_id_seq OWNER TO postgres;

--
-- Name: yakuri_target_id_seq; Type: SEQUENCE OWNED BY; Schema: public; Owner: postgres
--

ALTER SEQUENCE public.yakuri_target_id_seq OWNED BY public.yakuri_target.id;


--
-- Name: yakuri_work; Type: TABLE; Schema: public; Owner: postgres
--

CREATE TABLE public.yakuri_work (
    id integer NOT NULL,
    works character varying(25) NOT NULL
);


ALTER TABLE public.yakuri_work OWNER TO postgres;

--
-- Name: yakuri_work_id_seq; Type: SEQUENCE; Schema: public; Owner: postgres
--

CREATE SEQUENCE public.yakuri_work_id_seq
    AS integer
    START WITH 1
    INCREMENT BY 1
    NO MINVALUE
    NO MAXVALUE
    CACHE 1;


ALTER TABLE public.yakuri_work_id_seq OWNER TO postgres;

--
-- Name: yakuri_work_id_seq; Type: SEQUENCE OWNED BY; Schema: public; Owner: postgres
--

ALTER SEQUENCE public.yakuri_work_id_seq OWNED BY public.yakuri_work.id;


--
-- Name: auth_group id; Type: DEFAULT; Schema: public; Owner: postgres
--

ALTER TABLE ONLY public.auth_group ALTER COLUMN id SET DEFAULT nextval('public.auth_group_id_seq'::regclass);


--
-- Name: auth_group_permissions id; Type: DEFAULT; Schema: public; Owner: postgres
--

ALTER TABLE ONLY public.auth_group_permissions ALTER COLUMN id SET DEFAULT nextval('public.auth_group_permissions_id_seq'::regclass);


--
-- Name: auth_permission id; Type: DEFAULT; Schema: public; Owner: postgres
--

ALTER TABLE ONLY public.auth_permission ALTER COLUMN id SET DEFAULT nextval('public.auth_permission_id_seq'::regclass);


--
-- Name: auth_user id; Type: DEFAULT; Schema: public; Owner: postgres
--

ALTER TABLE ONLY public.auth_user ALTER COLUMN id SET DEFAULT nextval('public.auth_user_id_seq'::regclass);


--
-- Name: auth_user_groups id; Type: DEFAULT; Schema: public; Owner: postgres
--

ALTER TABLE ONLY public.auth_user_groups ALTER COLUMN id SET DEFAULT nextval('public.auth_user_groups_id_seq'::regclass);


--
-- Name: auth_user_user_permissions id; Type: DEFAULT; Schema: public; Owner: postgres
--

ALTER TABLE ONLY public.auth_user_user_permissions ALTER COLUMN id SET DEFAULT nextval('public.auth_user_user_permissions_id_seq'::regclass);


--
-- Name: django_admin_log id; Type: DEFAULT; Schema: public; Owner: postgres
--

ALTER TABLE ONLY public.django_admin_log ALTER COLUMN id SET DEFAULT nextval('public.django_admin_log_id_seq'::regclass);


--
-- Name: django_content_type id; Type: DEFAULT; Schema: public; Owner: postgres
--

ALTER TABLE ONLY public.django_content_type ALTER COLUMN id SET DEFAULT nextval('public.django_content_type_id_seq'::regclass);


--
-- Name: django_migrations id; Type: DEFAULT; Schema: public; Owner: postgres
--

ALTER TABLE ONLY public.django_migrations ALTER COLUMN id SET DEFAULT nextval('public.django_migrations_id_seq'::regclass);


--
-- Name: yakuri_detail id; Type: DEFAULT; Schema: public; Owner: postgres
--

ALTER TABLE ONLY public.yakuri_detail ALTER COLUMN id SET DEFAULT nextval('public.yakuri_detail_id_seq'::regclass);


--
-- Name: yakuri_detail_target id; Type: DEFAULT; Schema: public; Owner: postgres
--

ALTER TABLE ONLY public.yakuri_detail_target ALTER COLUMN id SET DEFAULT nextval('public.yakuri_detail_target_id_seq'::regclass);


--
-- Name: yakuri_fields id; Type: DEFAULT; Schema: public; Owner: postgres
--

ALTER TABLE ONLY public.yakuri_fields ALTER COLUMN id SET DEFAULT nextval('public.yakuri_fields_id_seq'::regclass);


--
-- Name: yakuri_fields_reltarget id; Type: DEFAULT; Schema: public; Owner: postgres
--

ALTER TABLE ONLY public.yakuri_fields_reltarget ALTER COLUMN id SET DEFAULT nextval('public.yakuri_fields_reltarget_id_seq'::regclass);


--
-- Name: yakuri_grade id; Type: DEFAULT; Schema: public; Owner: postgres
--

ALTER TABLE ONLY public.yakuri_grade ALTER COLUMN id SET DEFAULT nextval('public.yakuri_grade_id_seq'::regclass);


--
-- Name: yakuri_season id; Type: DEFAULT; Schema: public; Owner: postgres
--

ALTER TABLE ONLY public.yakuri_season ALTER COLUMN id SET DEFAULT nextval('public.yakuri_season_id_seq'::regclass);


--
-- Name: yakuri_subject id; Type: DEFAULT; Schema: public; Owner: postgres
--

ALTER TABLE ONLY public.yakuri_subject ALTER COLUMN id SET DEFAULT nextval('public.yakuri_subject_id_seq'::regclass);


--
-- Name: yakuri_target id; Type: DEFAULT; Schema: public; Owner: postgres
--

ALTER TABLE ONLY public.yakuri_target ALTER COLUMN id SET DEFAULT nextval('public.yakuri_target_id_seq'::regclass);


--
-- Name: yakuri_work id; Type: DEFAULT; Schema: public; Owner: postgres
--

ALTER TABLE ONLY public.yakuri_work ALTER COLUMN id SET DEFAULT nextval('public.yakuri_work_id_seq'::regclass);


--
-- Data for Name: auth_group; Type: TABLE DATA; Schema: public; Owner: postgres
--

COPY public.auth_group (id, name) FROM stdin;
\.


--
-- Data for Name: auth_group_permissions; Type: TABLE DATA; Schema: public; Owner: postgres
--

COPY public.auth_group_permissions (id, group_id, permission_id) FROM stdin;
\.


--
-- Data for Name: auth_permission; Type: TABLE DATA; Schema: public; Owner: postgres
--

COPY public.auth_permission (id, name, content_type_id, codename) FROM stdin;
1	Can add log entry	1	add_logentry
2	Can change log entry	1	change_logentry
3	Can delete log entry	1	delete_logentry
4	Can view log entry	1	view_logentry
5	Can add permission	2	add_permission
6	Can change permission	2	change_permission
7	Can delete permission	2	delete_permission
8	Can view permission	2	view_permission
9	Can add group	3	add_group
10	Can change group	3	change_group
11	Can delete group	3	delete_group
12	Can view group	3	view_group
13	Can add user	4	add_user
14	Can change user	4	change_user
15	Can delete user	4	delete_user
16	Can view user	4	view_user
17	Can add content type	5	add_contenttype
18	Can change content type	5	change_contenttype
19	Can delete content type	5	delete_contenttype
20	Can view content type	5	view_contenttype
21	Can add session	6	add_session
22	Can change session	6	change_session
23	Can delete session	6	delete_session
24	Can view session	6	view_session
25	Can add grade	7	add_grade
26	Can change grade	7	change_grade
27	Can delete grade	7	delete_grade
28	Can view grade	7	view_grade
29	Can add season	8	add_season
30	Can change season	8	change_season
31	Can delete season	8	delete_season
32	Can view season	8	view_season
33	Can add subject	9	add_subject
34	Can change subject	9	change_subject
35	Can delete subject	9	delete_subject
36	Can view subject	9	view_subject
37	Can add target	10	add_target
38	Can change target	10	change_target
39	Can delete target	10	delete_target
40	Can view target	10	view_target
41	Can add work	11	add_work
42	Can change work	11	change_work
43	Can delete work	11	delete_work
44	Can view work	11	view_work
45	Can add fields	12	add_fields
46	Can change fields	12	change_fields
47	Can delete fields	12	delete_fields
48	Can view fields	12	view_fields
49	Can add detail	13	add_detail
50	Can change detail	13	change_detail
51	Can delete detail	13	delete_detail
52	Can view detail	13	view_detail
\.


--
-- Data for Name: auth_user; Type: TABLE DATA; Schema: public; Owner: postgres
--

COPY public.auth_user (id, password, last_login, is_superuser, username, first_name, last_name, email, is_staff, is_active, date_joined) FROM stdin;
1	pbkdf2_sha256$180000$ItMITsIAwKau$Hue89INe3WQ4xP4GrmAG6QbiROkCarWZNZZLKVoemKE=	2021-05-04 09:38:04.1877+00	t	poteto1212			test@gmail.com	t	t	2021-05-04 09:37:48.621147+00
\.


--
-- Data for Name: auth_user_groups; Type: TABLE DATA; Schema: public; Owner: postgres
--

COPY public.auth_user_groups (id, user_id, group_id) FROM stdin;
\.


--
-- Data for Name: auth_user_user_permissions; Type: TABLE DATA; Schema: public; Owner: postgres
--

COPY public.auth_user_user_permissions (id, user_id, permission_id) FROM stdin;
\.


--
-- Data for Name: django_admin_log; Type: TABLE DATA; Schema: public; Owner: postgres
--

COPY public.django_admin_log (id, action_time, object_id, object_repr, action_flag, change_message, content_type_id, user_id) FROM stdin;
1	2021-05-04 09:39:00.300292+00	1	薬理学序論	1	[{"added": {}}]	9	1
2	2021-05-04 09:39:19.822082+00	2	薬理学Ⅰ	1	[{"added": {}}]	9	1
3	2021-05-04 09:39:57.327457+00	3	薬理学Ⅱ	1	[{"added": {}}]	9	1
4	2021-05-04 09:40:35.877825+00	4	薬理学Ⅲ	1	[{"added": {}}]	9	1
5	2021-05-04 09:40:55.196519+00	5	微生物学Ⅱ	1	[{"added": {}}]	9	1
6	2021-05-04 09:43:52.298667+00	1	2年生	1	[{"added": {}}]	7	1
7	2021-05-04 09:43:57.355411+00	2	3年生	1	[{"added": {}}]	7	1
8	2021-05-04 09:44:19.14112+00	1	刺激	1	[{"added": {}}]	11	1
9	2021-05-04 09:44:25.018212+00	2	遮断	1	[{"added": {}}]	11	1
10	2021-05-04 09:44:25.120923+00	3	遮断	1	[{"added": {}}]	11	1
11	2021-05-04 09:44:40.225113+00	3	酵素阻害	2	[{"changed": {"fields": ["\\u523a\\u6fc0\\u30fb\\u906e\\u65ad\\u30fb\\u9175\\u7d20\\u963b\\u5bb3\\u7b49"]}}]	11	1
12	2021-05-04 09:45:40.771977+00	4	酵素活性化	1	[{"added": {}}]	11	1
13	2021-05-04 09:46:36.78287+00	1	抗ヒスタミン薬(薬理学序論)	1	[{"added": {}}]	12	1
14	2021-05-04 09:47:18.931109+00	1	春学期	1	[{"added": {}}]	8	1
15	2021-05-04 09:47:26.290944+00	2	秋学期	1	[{"added": {}}]	8	1
16	2021-05-04 09:47:49.347234+00	1	ヒスタミンH1受容体	1	[{"added": {}}]	10	1
17	2021-05-04 09:48:16.821217+00	1	クロルフェニラミン	1	[{"added": {}}]	13	1
18	2021-05-04 09:48:40.34631+00	2	ジフェンヒドラミン	1	[{"added": {}}]	13	1
19	2021-05-04 09:49:09.734794+00	3	ジメンヒドリナート	1	[{"added": {}}]	13	1
20	2021-05-04 09:55:38.619737+00	4	エピナスチン	1	[{"added": {}}]	13	1
21	2021-05-04 09:55:48.091479+00	5	メキタジン	1	[{"added": {}}]	13	1
22	2021-05-04 09:55:57.177901+00	6	フェキソフェナジン	1	[{"added": {}}]	13	1
23	2021-05-04 10:05:14.477493+00	7	ケトチフェン	1	[{"added": {}}]	13	1
24	2021-05-04 10:05:54.347007+00	7	アゼラスチン	2	[{"changed": {"fields": ["\\u85ac\\u7269\\u540d"]}}]	13	1
25	2021-05-04 10:06:08.30792+00	7	オキサトミド	2	[{"changed": {"fields": ["\\u85ac\\u7269\\u540d"]}}]	13	1
26	2021-05-04 10:06:29.117733+00	2	ヒスタミンH2受容体	1	[{"added": {}}]	10	1
27	2021-05-04 10:07:08.841733+00	7	シメチジン	2	[{"changed": {"fields": ["\\u85ac\\u7269\\u540d", "\\u6a19\\u7684\\u53d7\\u5bb9\\u4f53\\u30fb\\u6a19\\u7684\\u30bf\\u30f3\\u30d1\\u30af", "\\u7279\\u5fb4\\u30fb\\u8aac\\u660e"]}}]	13	1
28	2021-05-04 10:10:09.972743+00	7	シメチジン	2	[{"changed": {"fields": ["\\u6a19\\u7684\\u53d7\\u5bb9\\u4f53\\u30fb\\u6a19\\u7684\\u30bf\\u30f3\\u30d1\\u30af"]}}]	13	1
29	2021-05-04 10:10:33.554528+00	8	ファモチジン	1	[{"added": {}}]	13	1
30	2021-05-04 10:12:11.336993+00	2	交感神経関連薬(序論)	1	[{"added": {}}]	12	1
31	2021-05-04 10:12:32.794032+00	3	アドレナリンα受容体	1	[{"added": {}}]	10	1
32	2021-05-04 10:12:50.064662+00	8	ナファゾリン	2	[{"changed": {"fields": ["\\u5206\\u91ce(\\u79d1\\u76ee)\\u9078\\u629e", "\\u85ac\\u7269\\u540d", "\\u6a19\\u7684\\u53d7\\u5bb9\\u4f53\\u30fb\\u6a19\\u7684\\u30bf\\u30f3\\u30d1\\u30af", "\\u7279\\u5fb4\\u30fb\\u8aac\\u660e"]}}]	13	1
33	2021-05-04 10:13:20.509847+00	4	アドレナリンα１受容体	1	[{"added": {}}]	10	1
34	2021-05-04 10:14:00.875107+00	8	ミドドリン	2	[{"changed": {"fields": ["\\u85ac\\u7269\\u540d", "\\u6a19\\u7684\\u53d7\\u5bb9\\u4f53\\u30fb\\u6a19\\u7684\\u30bf\\u30f3\\u30d1\\u30af"]}}]	13	1
35	2021-05-04 10:15:09.435714+00	8	フェニレフリン	2	[{"changed": {"fields": ["\\u85ac\\u7269\\u540d", "\\u7279\\u5fb4\\u30fb\\u8aac\\u660e"]}}]	13	1
36	2021-05-04 10:15:47.124001+00	8	ジピぺフリン	2	[{"changed": {"fields": ["\\u85ac\\u7269\\u540d", "\\u7279\\u5fb4\\u30fb\\u8aac\\u660e"]}}]	13	1
37	2021-05-04 10:16:39.924674+00	5	アドレナリンα2受容体	1	[{"added": {}}]	10	1
38	2021-05-04 10:17:23.953219+00	8	クロニジン	2	[{"changed": {"fields": ["\\u85ac\\u7269\\u540d", "\\u6a19\\u7684\\u53d7\\u5bb9\\u4f53\\u30fb\\u6a19\\u7684\\u30bf\\u30f3\\u30d1\\u30af", "\\u7279\\u5fb4\\u30fb\\u8aac\\u660e"]}}]	13	1
39	2021-05-04 10:18:05.889623+00	8	αメチルドパ	2	[{"changed": {"fields": ["\\u85ac\\u7269\\u540d", "\\u4f5c\\u7528\\u306e\\u4ed5\\u65b9", "\\u7279\\u5fb4\\u30fb\\u8aac\\u660e"]}}]	13	1
40	2021-05-04 10:18:52.567882+00	8	αメチルドパ	2	[]	13	1
41	2021-05-04 10:19:15.023597+00	9	クロニジン	1	[{"added": {}}]	13	1
42	2021-05-04 10:20:36.32434+00	10	ナファゾリン	1	[{"added": {}}]	13	1
43	2021-05-04 10:24:46.85707+00	10	フェニレフリン	2	[{"changed": {"fields": ["\\u85ac\\u7269\\u540d", "\\u6a19\\u7684\\u53d7\\u5bb9\\u4f53\\u30fb\\u6a19\\u7684\\u30bf\\u30f3\\u30d1\\u30af", "\\u4f5c\\u7528\\u306e\\u4ed5\\u65b9", "\\u7279\\u5fb4\\u30fb\\u8aac\\u660e"]}}]	13	1
44	2021-05-04 10:25:25.361706+00	10	フェニレフリン	2	[]	13	1
45	2021-05-04 10:26:01.278833+00	11	ナファゾリン	1	[{"added": {}}]	13	1
46	2021-05-04 10:28:13.125944+00	3	ペニシリン系(微生物Ⅱ)	1	[{"added": {}}]	12	1
47	2021-05-04 10:28:36.248596+00	6	PBP(ペニシリン結合タンパク)	1	[{"added": {}}]	10	1
48	2021-05-04 10:29:04.768561+00	11	ペニシリンG	2	[{"changed": {"fields": ["\\u5206\\u91ce(\\u79d1\\u76ee)\\u9078\\u629e", "\\u85ac\\u7269\\u540d", "\\u6a19\\u7684\\u53d7\\u5bb9\\u4f53\\u30fb\\u6a19\\u7684\\u30bf\\u30f3\\u30d1\\u30af", "\\u4f5c\\u7528\\u306e\\u4ed5\\u65b9", "\\u7279\\u5fb4\\u30fb\\u8aac\\u660e", "\\u5b66\\u671f"]}}]	13	1
49	2021-05-04 10:29:46.674116+00	11	メキシチリン	2	[{"changed": {"fields": ["\\u85ac\\u7269\\u540d", "\\u7279\\u5fb4\\u30fb\\u8aac\\u660e"]}}]	13	1
50	2021-05-04 10:30:24.578793+00	11	クロキサシリン	2	[{"changed": {"fields": ["\\u85ac\\u7269\\u540d"]}}]	13	1
51	2021-05-04 10:31:07.046036+00	11	クロキサシリン	2	[]	13	1
52	2021-05-04 10:31:54.619104+00	12	ペニシリンG	1	[{"added": {}}]	13	1
85	2021-05-04 10:35:04.789375+00	45	メチシリン	1	[{"added": {}}]	13	1
86	2021-05-04 10:35:49.774985+00	46	アンピシリン	1	[{"added": {}}]	13	1
87	2021-05-04 10:36:19.080235+00	45	メチシリン	2	[{"changed": {"fields": ["\\u7279\\u5fb4\\u30fb\\u8aac\\u660e"]}}]	13	1
88	2021-05-04 10:36:32.213832+00	45	メチシリン	2	[]	13	1
89	2021-05-04 10:36:45.415399+00	11	クロキサシリン	2	[{"changed": {"fields": ["\\u7279\\u5fb4\\u30fb\\u8aac\\u660e"]}}]	13	1
\.


--
-- Data for Name: django_content_type; Type: TABLE DATA; Schema: public; Owner: postgres
--

COPY public.django_content_type (id, app_label, model) FROM stdin;
1	admin	logentry
2	auth	permission
3	auth	group
4	auth	user
5	contenttypes	contenttype
6	sessions	session
7	yakuri	grade
8	yakuri	season
9	yakuri	subject
10	yakuri	target
11	yakuri	work
12	yakuri	fields
13	yakuri	detail
\.


--
-- Data for Name: django_migrations; Type: TABLE DATA; Schema: public; Owner: postgres
--

COPY public.django_migrations (id, app, name, applied) FROM stdin;
1	contenttypes	0001_initial	2021-05-04 09:36:50.540135+00
2	auth	0001_initial	2021-05-04 09:36:50.615707+00
3	admin	0001_initial	2021-05-04 09:36:50.704979+00
4	admin	0002_logentry_remove_auto_add	2021-05-04 09:36:50.727747+00
5	admin	0003_logentry_add_action_flag_choices	2021-05-04 09:36:50.738184+00
6	contenttypes	0002_remove_content_type_name	2021-05-04 09:36:50.762053+00
7	auth	0002_alter_permission_name_max_length	2021-05-04 09:36:50.770042+00
8	auth	0003_alter_user_email_max_length	2021-05-04 09:36:50.781564+00
9	auth	0004_alter_user_username_opts	2021-05-04 09:36:50.793628+00
10	auth	0005_alter_user_last_login_null	2021-05-04 09:36:50.803628+00
11	auth	0006_require_contenttypes_0002	2021-05-04 09:36:50.809916+00
12	auth	0007_alter_validators_add_error_messages	2021-05-04 09:36:50.825939+00
13	auth	0008_alter_user_username_max_length	2021-05-04 09:36:50.849517+00
14	auth	0009_alter_user_last_name_max_length	2021-05-04 09:36:50.867843+00
15	auth	0010_alter_group_name_max_length	2021-05-04 09:36:50.883098+00
16	auth	0011_update_proxy_permissions	2021-05-04 09:36:50.899368+00
17	sessions	0001_initial	2021-05-04 09:36:50.916681+00
18	yakuri	0001_initial	2021-05-04 09:36:51.073058+00
19	yakuri	0002_auto_20210504_1843	2021-05-04 09:43:24.144354+00
\.


--
-- Data for Name: django_session; Type: TABLE DATA; Schema: public; Owner: postgres
--

COPY public.django_session (session_key, session_data, expire_date) FROM stdin;
w3kwrvhgdyy3bw79muwshfgdfpldfcil	OWNmYmJmNDBlZjZmZDljOTUyZjYyYTAzMWVlNjU3N2VhY2U5N2QzNzp7Il9hdXRoX3VzZXJfaWQiOiIxIiwiX2F1dGhfdXNlcl9iYWNrZW5kIjoiZGphbmdvLmNvbnRyaWIuYXV0aC5iYWNrZW5kcy5Nb2RlbEJhY2tlbmQiLCJfYXV0aF91c2VyX2hhc2giOiI5MzliMzFlYjkyNmI1M2ZlNDJkMjRmY2M5MjkyNGZhNTllYWVjYzkxIn0=	2021-05-18 09:38:04.1898+00
\.


--
-- Data for Name: yakuri_detail; Type: TABLE DATA; Schema: public; Owner: postgres
--

COPY public.yakuri_detail (id, name, detail, structure, field_id, grade_id, season_id, work_id) FROM stdin;
1	クロルフェニラミン	抗コリン作用あり		1	1	1	2
2	ジフェンヒドラミン	抗コリン作用あり		1	1	1	2
3	ジメンヒドリナート	ジフェンヒドラミンと\r\n8-クロルテオフィリンの塩		1	1	1	2
4	エピナスチン	BBB通過しにくい\r\nケミカルメディエーター遊離阻害		1	1	1	2
5	メキタジン	BBB通過しにくい\r\nケミカルメディエーター遊離阻害		1	1	1	2
6	フェキソフェナジン	BBB通過しにくい\r\nケミカルメディエーター遊離阻害		1	1	1	2
7	シメチジン	胃潰瘍治療薬		1	1	1	2
8	αメチルドパ	抹消への交感神経出力減少\r\n→血圧降下\r\nプロドラッグ		2	1	1	1
9	クロニジン	抹消への交感神経出力減少\r\n→血圧降下		2	1	1	1
10	フェニレフリン			2	1	1	1
12	ペニシリンG	梅毒トレポネーマ第一選択		3	1	2	3
46	アンピシリン	大腸菌・赤痢菌・腸チフスに有効		3	1	2	3
45	メチシリン	ペニシリナーゼ非分解		3	1	2	3
11	クロキサシリン	ペニシリナーゼ非分解		3	1	2	3
\.


--
-- Data for Name: yakuri_detail_target; Type: TABLE DATA; Schema: public; Owner: postgres
--

COPY public.yakuri_detail_target (id, detail_id, target_id) FROM stdin;
1	1	1
2	2	1
3	3	1
4	4	1
5	5	1
6	6	1
8	7	2
12	8	5
13	9	5
15	10	4
17	11	6
18	12	6
51	45	6
52	46	6
\.


--
-- Data for Name: yakuri_fields; Type: TABLE DATA; Schema: public; Owner: postgres
--

COPY public.yakuri_fields (id, fields, descriptione, subject_id) FROM stdin;
1	抗ヒスタミン薬(薬理学序論)		1
2	交感神経関連薬(序論)		1
3	ペニシリン系(微生物Ⅱ)	グラム陽性菌、グラム陰性球菌、スピロヘータに有効。\r\nアナフィラキシーショックに注意。	5
\.


--
-- Data for Name: yakuri_fields_reltarget; Type: TABLE DATA; Schema: public; Owner: postgres
--

COPY public.yakuri_fields_reltarget (id, fields_id, target_id) FROM stdin;
\.


--
-- Data for Name: yakuri_grade; Type: TABLE DATA; Schema: public; Owner: postgres
--

COPY public.yakuri_grade (id, grades) FROM stdin;
1	2年生
2	3年生
\.


--
-- Data for Name: yakuri_season; Type: TABLE DATA; Schema: public; Owner: postgres
--

COPY public.yakuri_season (id, seasons) FROM stdin;
1	春学期
2	秋学期
\.


--
-- Data for Name: yakuri_subject; Type: TABLE DATA; Schema: public; Owner: postgres
--

COPY public.yakuri_subject (id, subjects, subinfo) FROM stdin;
1	薬理学序論	自律神経・アレルギー・内分泌(1)
2	薬理学Ⅰ	中枢神経・内分泌2
3	薬理学Ⅱ	消化器系・代謝系
4	薬理学Ⅲ	循環器・自己免疫
5	微生物学Ⅱ	感染症治療
\.


--
-- Data for Name: yakuri_target; Type: TABLE DATA; Schema: public; Owner: postgres
--

COPY public.yakuri_target (id, targets) FROM stdin;
1	ヒスタミンH1受容体
2	ヒスタミンH2受容体
3	アドレナリンα受容体
4	アドレナリンα１受容体
5	アドレナリンα2受容体
6	PBP(ペニシリン結合タンパク)
\.


--
-- Data for Name: yakuri_work; Type: TABLE DATA; Schema: public; Owner: postgres
--

COPY public.yakuri_work (id, works) FROM stdin;
1	刺激
2	遮断
3	酵素阻害
4	酵素活性化
\.


--
-- Name: auth_group_id_seq; Type: SEQUENCE SET; Schema: public; Owner: postgres
--

SELECT pg_catalog.setval('public.auth_group_id_seq', 1, false);


--
-- Name: auth_group_permissions_id_seq; Type: SEQUENCE SET; Schema: public; Owner: postgres
--

SELECT pg_catalog.setval('public.auth_group_permissions_id_seq', 1, false);


--
-- Name: auth_permission_id_seq; Type: SEQUENCE SET; Schema: public; Owner: postgres
--

SELECT pg_catalog.setval('public.auth_permission_id_seq', 52, true);


--
-- Name: auth_user_groups_id_seq; Type: SEQUENCE SET; Schema: public; Owner: postgres
--

SELECT pg_catalog.setval('public.auth_user_groups_id_seq', 1, false);


--
-- Name: auth_user_id_seq; Type: SEQUENCE SET; Schema: public; Owner: postgres
--

SELECT pg_catalog.setval('public.auth_user_id_seq', 1, true);


--
-- Name: auth_user_user_permissions_id_seq; Type: SEQUENCE SET; Schema: public; Owner: postgres
--

SELECT pg_catalog.setval('public.auth_user_user_permissions_id_seq', 1, false);


--
-- Name: django_admin_log_id_seq; Type: SEQUENCE SET; Schema: public; Owner: postgres
--

SELECT pg_catalog.setval('public.django_admin_log_id_seq', 89, true);


--
-- Name: django_content_type_id_seq; Type: SEQUENCE SET; Schema: public; Owner: postgres
--

SELECT pg_catalog.setval('public.django_content_type_id_seq', 13, true);


--
-- Name: django_migrations_id_seq; Type: SEQUENCE SET; Schema: public; Owner: postgres
--

SELECT pg_catalog.setval('public.django_migrations_id_seq', 19, true);


--
-- Name: yakuri_detail_id_seq; Type: SEQUENCE SET; Schema: public; Owner: postgres
--

SELECT pg_catalog.setval('public.yakuri_detail_id_seq', 46, true);


--
-- Name: yakuri_detail_target_id_seq; Type: SEQUENCE SET; Schema: public; Owner: postgres
--

SELECT pg_catalog.setval('public.yakuri_detail_target_id_seq', 52, true);


--
-- Name: yakuri_fields_id_seq; Type: SEQUENCE SET; Schema: public; Owner: postgres
--

SELECT pg_catalog.setval('public.yakuri_fields_id_seq', 3, true);


--
-- Name: yakuri_fields_reltarget_id_seq; Type: SEQUENCE SET; Schema: public; Owner: postgres
--

SELECT pg_catalog.setval('public.yakuri_fields_reltarget_id_seq', 1, false);


--
-- Name: yakuri_grade_id_seq; Type: SEQUENCE SET; Schema: public; Owner: postgres
--

SELECT pg_catalog.setval('public.yakuri_grade_id_seq', 2, true);


--
-- Name: yakuri_season_id_seq; Type: SEQUENCE SET; Schema: public; Owner: postgres
--

SELECT pg_catalog.setval('public.yakuri_season_id_seq', 2, true);


--
-- Name: yakuri_subject_id_seq; Type: SEQUENCE SET; Schema: public; Owner: postgres
--

SELECT pg_catalog.setval('public.yakuri_subject_id_seq', 5, true);


--
-- Name: yakuri_target_id_seq; Type: SEQUENCE SET; Schema: public; Owner: postgres
--

SELECT pg_catalog.setval('public.yakuri_target_id_seq', 6, true);


--
-- Name: yakuri_work_id_seq; Type: SEQUENCE SET; Schema: public; Owner: postgres
--

SELECT pg_catalog.setval('public.yakuri_work_id_seq', 4, true);


--
-- Name: auth_group auth_group_name_key; Type: CONSTRAINT; Schema: public; Owner: postgres
--

ALTER TABLE ONLY public.auth_group
    ADD CONSTRAINT auth_group_name_key UNIQUE (name);


--
-- Name: auth_group_permissions auth_group_permissions_group_id_permission_id_0cd325b0_uniq; Type: CONSTRAINT; Schema: public; Owner: postgres
--

ALTER TABLE ONLY public.auth_group_permissions
    ADD CONSTRAINT auth_group_permissions_group_id_permission_id_0cd325b0_uniq UNIQUE (group_id, permission_id);


--
-- Name: auth_group_permissions auth_group_permissions_pkey; Type: CONSTRAINT; Schema: public; Owner: postgres
--

ALTER TABLE ONLY public.auth_group_permissions
    ADD CONSTRAINT auth_group_permissions_pkey PRIMARY KEY (id);


--
-- Name: auth_group auth_group_pkey; Type: CONSTRAINT; Schema: public; Owner: postgres
--

ALTER TABLE ONLY public.auth_group
    ADD CONSTRAINT auth_group_pkey PRIMARY KEY (id);


--
-- Name: auth_permission auth_permission_content_type_id_codename_01ab375a_uniq; Type: CONSTRAINT; Schema: public; Owner: postgres
--

ALTER TABLE ONLY public.auth_permission
    ADD CONSTRAINT auth_permission_content_type_id_codename_01ab375a_uniq UNIQUE (content_type_id, codename);


--
-- Name: auth_permission auth_permission_pkey; Type: CONSTRAINT; Schema: public; Owner: postgres
--

ALTER TABLE ONLY public.auth_permission
    ADD CONSTRAINT auth_permission_pkey PRIMARY KEY (id);


--
-- Name: auth_user_groups auth_user_groups_pkey; Type: CONSTRAINT; Schema: public; Owner: postgres
--

ALTER TABLE ONLY public.auth_user_groups
    ADD CONSTRAINT auth_user_groups_pkey PRIMARY KEY (id);


--
-- Name: auth_user_groups auth_user_groups_user_id_group_id_94350c0c_uniq; Type: CONSTRAINT; Schema: public; Owner: postgres
--

ALTER TABLE ONLY public.auth_user_groups
    ADD CONSTRAINT auth_user_groups_user_id_group_id_94350c0c_uniq UNIQUE (user_id, group_id);


--
-- Name: auth_user auth_user_pkey; Type: CONSTRAINT; Schema: public; Owner: postgres
--

ALTER TABLE ONLY public.auth_user
    ADD CONSTRAINT auth_user_pkey PRIMARY KEY (id);


--
-- Name: auth_user_user_permissions auth_user_user_permissions_pkey; Type: CONSTRAINT; Schema: public; Owner: postgres
--

ALTER TABLE ONLY public.auth_user_user_permissions
    ADD CONSTRAINT auth_user_user_permissions_pkey PRIMARY KEY (id);


--
-- Name: auth_user_user_permissions auth_user_user_permissions_user_id_permission_id_14a6b632_uniq; Type: CONSTRAINT; Schema: public; Owner: postgres
--

ALTER TABLE ONLY public.auth_user_user_permissions
    ADD CONSTRAINT auth_user_user_permissions_user_id_permission_id_14a6b632_uniq UNIQUE (user_id, permission_id);


--
-- Name: auth_user auth_user_username_key; Type: CONSTRAINT; Schema: public; Owner: postgres
--

ALTER TABLE ONLY public.auth_user
    ADD CONSTRAINT auth_user_username_key UNIQUE (username);


--
-- Name: django_admin_log django_admin_log_pkey; Type: CONSTRAINT; Schema: public; Owner: postgres
--

ALTER TABLE ONLY public.django_admin_log
    ADD CONSTRAINT django_admin_log_pkey PRIMARY KEY (id);


--
-- Name: django_content_type django_content_type_app_label_model_76bd3d3b_uniq; Type: CONSTRAINT; Schema: public; Owner: postgres
--

ALTER TABLE ONLY public.django_content_type
    ADD CONSTRAINT django_content_type_app_label_model_76bd3d3b_uniq UNIQUE (app_label, model);


--
-- Name: django_content_type django_content_type_pkey; Type: CONSTRAINT; Schema: public; Owner: postgres
--

ALTER TABLE ONLY public.django_content_type
    ADD CONSTRAINT django_content_type_pkey PRIMARY KEY (id);


--
-- Name: django_migrations django_migrations_pkey; Type: CONSTRAINT; Schema: public; Owner: postgres
--

ALTER TABLE ONLY public.django_migrations
    ADD CONSTRAINT django_migrations_pkey PRIMARY KEY (id);


--
-- Name: django_session django_session_pkey; Type: CONSTRAINT; Schema: public; Owner: postgres
--

ALTER TABLE ONLY public.django_session
    ADD CONSTRAINT django_session_pkey PRIMARY KEY (session_key);


--
-- Name: yakuri_detail field_name; Type: CONSTRAINT; Schema: public; Owner: postgres
--

ALTER TABLE ONLY public.yakuri_detail
    ADD CONSTRAINT field_name UNIQUE (field_id, name);


--
-- Name: yakuri_fields subjects_fields_unique; Type: CONSTRAINT; Schema: public; Owner: postgres
--

ALTER TABLE ONLY public.yakuri_fields
    ADD CONSTRAINT subjects_fields_unique UNIQUE (subject_id, fields);


--
-- Name: yakuri_detail yakuri_detail_pkey; Type: CONSTRAINT; Schema: public; Owner: postgres
--

ALTER TABLE ONLY public.yakuri_detail
    ADD CONSTRAINT yakuri_detail_pkey PRIMARY KEY (id);


--
-- Name: yakuri_detail_target yakuri_detail_target_detail_id_target_id_50a41c40_uniq; Type: CONSTRAINT; Schema: public; Owner: postgres
--

ALTER TABLE ONLY public.yakuri_detail_target
    ADD CONSTRAINT yakuri_detail_target_detail_id_target_id_50a41c40_uniq UNIQUE (detail_id, target_id);


--
-- Name: yakuri_detail_target yakuri_detail_target_pkey; Type: CONSTRAINT; Schema: public; Owner: postgres
--

ALTER TABLE ONLY public.yakuri_detail_target
    ADD CONSTRAINT yakuri_detail_target_pkey PRIMARY KEY (id);


--
-- Name: yakuri_fields yakuri_fields_fields_key; Type: CONSTRAINT; Schema: public; Owner: postgres
--

ALTER TABLE ONLY public.yakuri_fields
    ADD CONSTRAINT yakuri_fields_fields_key UNIQUE (fields);


--
-- Name: yakuri_fields yakuri_fields_pkey; Type: CONSTRAINT; Schema: public; Owner: postgres
--

ALTER TABLE ONLY public.yakuri_fields
    ADD CONSTRAINT yakuri_fields_pkey PRIMARY KEY (id);


--
-- Name: yakuri_fields_reltarget yakuri_fields_reltarget_fields_id_target_id_cabaa8d8_uniq; Type: CONSTRAINT; Schema: public; Owner: postgres
--

ALTER TABLE ONLY public.yakuri_fields_reltarget
    ADD CONSTRAINT yakuri_fields_reltarget_fields_id_target_id_cabaa8d8_uniq UNIQUE (fields_id, target_id);


--
-- Name: yakuri_fields_reltarget yakuri_fields_reltarget_pkey; Type: CONSTRAINT; Schema: public; Owner: postgres
--

ALTER TABLE ONLY public.yakuri_fields_reltarget
    ADD CONSTRAINT yakuri_fields_reltarget_pkey PRIMARY KEY (id);


--
-- Name: yakuri_grade yakuri_grade_pkey; Type: CONSTRAINT; Schema: public; Owner: postgres
--

ALTER TABLE ONLY public.yakuri_grade
    ADD CONSTRAINT yakuri_grade_pkey PRIMARY KEY (id);


--
-- Name: yakuri_season yakuri_season_pkey; Type: CONSTRAINT; Schema: public; Owner: postgres
--

ALTER TABLE ONLY public.yakuri_season
    ADD CONSTRAINT yakuri_season_pkey PRIMARY KEY (id);


--
-- Name: yakuri_subject yakuri_subject_pkey; Type: CONSTRAINT; Schema: public; Owner: postgres
--

ALTER TABLE ONLY public.yakuri_subject
    ADD CONSTRAINT yakuri_subject_pkey PRIMARY KEY (id);


--
-- Name: yakuri_subject yakuri_subject_subjects_key; Type: CONSTRAINT; Schema: public; Owner: postgres
--

ALTER TABLE ONLY public.yakuri_subject
    ADD CONSTRAINT yakuri_subject_subjects_key UNIQUE (subjects);


--
-- Name: yakuri_target yakuri_target_pkey; Type: CONSTRAINT; Schema: public; Owner: postgres
--

ALTER TABLE ONLY public.yakuri_target
    ADD CONSTRAINT yakuri_target_pkey PRIMARY KEY (id);


--
-- Name: yakuri_target yakuri_target_targets_key; Type: CONSTRAINT; Schema: public; Owner: postgres
--

ALTER TABLE ONLY public.yakuri_target
    ADD CONSTRAINT yakuri_target_targets_key UNIQUE (targets);


--
-- Name: yakuri_work yakuri_work_pkey; Type: CONSTRAINT; Schema: public; Owner: postgres
--

ALTER TABLE ONLY public.yakuri_work
    ADD CONSTRAINT yakuri_work_pkey PRIMARY KEY (id);


--
-- Name: auth_group_name_a6ea08ec_like; Type: INDEX; Schema: public; Owner: postgres
--

CREATE INDEX auth_group_name_a6ea08ec_like ON public.auth_group USING btree (name varchar_pattern_ops);


--
-- Name: auth_group_permissions_group_id_b120cbf9; Type: INDEX; Schema: public; Owner: postgres
--

CREATE INDEX auth_group_permissions_group_id_b120cbf9 ON public.auth_group_permissions USING btree (group_id);


--
-- Name: auth_group_permissions_permission_id_84c5c92e; Type: INDEX; Schema: public; Owner: postgres
--

CREATE INDEX auth_group_permissions_permission_id_84c5c92e ON public.auth_group_permissions USING btree (permission_id);


--
-- Name: auth_permission_content_type_id_2f476e4b; Type: INDEX; Schema: public; Owner: postgres
--

CREATE INDEX auth_permission_content_type_id_2f476e4b ON public.auth_permission USING btree (content_type_id);


--
-- Name: auth_user_groups_group_id_97559544; Type: INDEX; Schema: public; Owner: postgres
--

CREATE INDEX auth_user_groups_group_id_97559544 ON public.auth_user_groups USING btree (group_id);


--
-- Name: auth_user_groups_user_id_6a12ed8b; Type: INDEX; Schema: public; Owner: postgres
--

CREATE INDEX auth_user_groups_user_id_6a12ed8b ON public.auth_user_groups USING btree (user_id);


--
-- Name: auth_user_user_permissions_permission_id_1fbb5f2c; Type: INDEX; Schema: public; Owner: postgres
--

CREATE INDEX auth_user_user_permissions_permission_id_1fbb5f2c ON public.auth_user_user_permissions USING btree (permission_id);


--
-- Name: auth_user_user_permissions_user_id_a95ead1b; Type: INDEX; Schema: public; Owner: postgres
--

CREATE INDEX auth_user_user_permissions_user_id_a95ead1b ON public.auth_user_user_permissions USING btree (user_id);


--
-- Name: auth_user_username_6821ab7c_like; Type: INDEX; Schema: public; Owner: postgres
--

CREATE INDEX auth_user_username_6821ab7c_like ON public.auth_user USING btree (username varchar_pattern_ops);


--
-- Name: django_admin_log_content_type_id_c4bce8eb; Type: INDEX; Schema: public; Owner: postgres
--

CREATE INDEX django_admin_log_content_type_id_c4bce8eb ON public.django_admin_log USING btree (content_type_id);


--
-- Name: django_admin_log_user_id_c564eba6; Type: INDEX; Schema: public; Owner: postgres
--

CREATE INDEX django_admin_log_user_id_c564eba6 ON public.django_admin_log USING btree (user_id);


--
-- Name: django_session_expire_date_a5c62663; Type: INDEX; Schema: public; Owner: postgres
--

CREATE INDEX django_session_expire_date_a5c62663 ON public.django_session USING btree (expire_date);


--
-- Name: django_session_session_key_c0390e0f_like; Type: INDEX; Schema: public; Owner: postgres
--

CREATE INDEX django_session_session_key_c0390e0f_like ON public.django_session USING btree (session_key varchar_pattern_ops);


--
-- Name: yakuri_detail_field_id_8aa4285f; Type: INDEX; Schema: public; Owner: postgres
--

CREATE INDEX yakuri_detail_field_id_8aa4285f ON public.yakuri_detail USING btree (field_id);


--
-- Name: yakuri_detail_grade_id_4c1d9abd; Type: INDEX; Schema: public; Owner: postgres
--

CREATE INDEX yakuri_detail_grade_id_4c1d9abd ON public.yakuri_detail USING btree (grade_id);


--
-- Name: yakuri_detail_season_id_cd913b36; Type: INDEX; Schema: public; Owner: postgres
--

CREATE INDEX yakuri_detail_season_id_cd913b36 ON public.yakuri_detail USING btree (season_id);


--
-- Name: yakuri_detail_target_detail_id_28ffde3f; Type: INDEX; Schema: public; Owner: postgres
--

CREATE INDEX yakuri_detail_target_detail_id_28ffde3f ON public.yakuri_detail_target USING btree (detail_id);


--
-- Name: yakuri_detail_target_target_id_a4817269; Type: INDEX; Schema: public; Owner: postgres
--

CREATE INDEX yakuri_detail_target_target_id_a4817269 ON public.yakuri_detail_target USING btree (target_id);


--
-- Name: yakuri_detail_work_id_090c5360; Type: INDEX; Schema: public; Owner: postgres
--

CREATE INDEX yakuri_detail_work_id_090c5360 ON public.yakuri_detail USING btree (work_id);


--
-- Name: yakuri_fields_fields_f53c1d3b_like; Type: INDEX; Schema: public; Owner: postgres
--

CREATE INDEX yakuri_fields_fields_f53c1d3b_like ON public.yakuri_fields USING btree (fields varchar_pattern_ops);


--
-- Name: yakuri_fields_reltarget_fields_id_1c3c8b75; Type: INDEX; Schema: public; Owner: postgres
--

CREATE INDEX yakuri_fields_reltarget_fields_id_1c3c8b75 ON public.yakuri_fields_reltarget USING btree (fields_id);


--
-- Name: yakuri_fields_reltarget_target_id_a13a1585; Type: INDEX; Schema: public; Owner: postgres
--

CREATE INDEX yakuri_fields_reltarget_target_id_a13a1585 ON public.yakuri_fields_reltarget USING btree (target_id);


--
-- Name: yakuri_fields_subject_id_6eaa592b; Type: INDEX; Schema: public; Owner: postgres
--

CREATE INDEX yakuri_fields_subject_id_6eaa592b ON public.yakuri_fields USING btree (subject_id);


--
-- Name: yakuri_subject_subjects_060d6f16_like; Type: INDEX; Schema: public; Owner: postgres
--

CREATE INDEX yakuri_subject_subjects_060d6f16_like ON public.yakuri_subject USING btree (subjects varchar_pattern_ops);


--
-- Name: yakuri_target_targets_dfa93e81_like; Type: INDEX; Schema: public; Owner: postgres
--

CREATE INDEX yakuri_target_targets_dfa93e81_like ON public.yakuri_target USING btree (targets varchar_pattern_ops);


--
-- Name: auth_group_permissions auth_group_permissio_permission_id_84c5c92e_fk_auth_perm; Type: FK CONSTRAINT; Schema: public; Owner: postgres
--

ALTER TABLE ONLY public.auth_group_permissions
    ADD CONSTRAINT auth_group_permissio_permission_id_84c5c92e_fk_auth_perm FOREIGN KEY (permission_id) REFERENCES public.auth_permission(id) DEFERRABLE INITIALLY DEFERRED;


--
-- Name: auth_group_permissions auth_group_permissions_group_id_b120cbf9_fk_auth_group_id; Type: FK CONSTRAINT; Schema: public; Owner: postgres
--

ALTER TABLE ONLY public.auth_group_permissions
    ADD CONSTRAINT auth_group_permissions_group_id_b120cbf9_fk_auth_group_id FOREIGN KEY (group_id) REFERENCES public.auth_group(id) DEFERRABLE INITIALLY DEFERRED;


--
-- Name: auth_permission auth_permission_content_type_id_2f476e4b_fk_django_co; Type: FK CONSTRAINT; Schema: public; Owner: postgres
--

ALTER TABLE ONLY public.auth_permission
    ADD CONSTRAINT auth_permission_content_type_id_2f476e4b_fk_django_co FOREIGN KEY (content_type_id) REFERENCES public.django_content_type(id) DEFERRABLE INITIALLY DEFERRED;


--
-- Name: auth_user_groups auth_user_groups_group_id_97559544_fk_auth_group_id; Type: FK CONSTRAINT; Schema: public; Owner: postgres
--

ALTER TABLE ONLY public.auth_user_groups
    ADD CONSTRAINT auth_user_groups_group_id_97559544_fk_auth_group_id FOREIGN KEY (group_id) REFERENCES public.auth_group(id) DEFERRABLE INITIALLY DEFERRED;


--
-- Name: auth_user_groups auth_user_groups_user_id_6a12ed8b_fk_auth_user_id; Type: FK CONSTRAINT; Schema: public; Owner: postgres
--

ALTER TABLE ONLY public.auth_user_groups
    ADD CONSTRAINT auth_user_groups_user_id_6a12ed8b_fk_auth_user_id FOREIGN KEY (user_id) REFERENCES public.auth_user(id) DEFERRABLE INITIALLY DEFERRED;


--
-- Name: auth_user_user_permissions auth_user_user_permi_permission_id_1fbb5f2c_fk_auth_perm; Type: FK CONSTRAINT; Schema: public; Owner: postgres
--

ALTER TABLE ONLY public.auth_user_user_permissions
    ADD CONSTRAINT auth_user_user_permi_permission_id_1fbb5f2c_fk_auth_perm FOREIGN KEY (permission_id) REFERENCES public.auth_permission(id) DEFERRABLE INITIALLY DEFERRED;


--
-- Name: auth_user_user_permissions auth_user_user_permissions_user_id_a95ead1b_fk_auth_user_id; Type: FK CONSTRAINT; Schema: public; Owner: postgres
--

ALTER TABLE ONLY public.auth_user_user_permissions
    ADD CONSTRAINT auth_user_user_permissions_user_id_a95ead1b_fk_auth_user_id FOREIGN KEY (user_id) REFERENCES public.auth_user(id) DEFERRABLE INITIALLY DEFERRED;


--
-- Name: django_admin_log django_admin_log_content_type_id_c4bce8eb_fk_django_co; Type: FK CONSTRAINT; Schema: public; Owner: postgres
--

ALTER TABLE ONLY public.django_admin_log
    ADD CONSTRAINT django_admin_log_content_type_id_c4bce8eb_fk_django_co FOREIGN KEY (content_type_id) REFERENCES public.django_content_type(id) DEFERRABLE INITIALLY DEFERRED;


--
-- Name: django_admin_log django_admin_log_user_id_c564eba6_fk_auth_user_id; Type: FK CONSTRAINT; Schema: public; Owner: postgres
--

ALTER TABLE ONLY public.django_admin_log
    ADD CONSTRAINT django_admin_log_user_id_c564eba6_fk_auth_user_id FOREIGN KEY (user_id) REFERENCES public.auth_user(id) DEFERRABLE INITIALLY DEFERRED;


--
-- Name: yakuri_detail yakuri_detail_field_id_8aa4285f_fk_yakuri_fields_id; Type: FK CONSTRAINT; Schema: public; Owner: postgres
--

ALTER TABLE ONLY public.yakuri_detail
    ADD CONSTRAINT yakuri_detail_field_id_8aa4285f_fk_yakuri_fields_id FOREIGN KEY (field_id) REFERENCES public.yakuri_fields(id) DEFERRABLE INITIALLY DEFERRED;


--
-- Name: yakuri_detail yakuri_detail_grade_id_4c1d9abd_fk_yakuri_grade_id; Type: FK CONSTRAINT; Schema: public; Owner: postgres
--

ALTER TABLE ONLY public.yakuri_detail
    ADD CONSTRAINT yakuri_detail_grade_id_4c1d9abd_fk_yakuri_grade_id FOREIGN KEY (grade_id) REFERENCES public.yakuri_grade(id) DEFERRABLE INITIALLY DEFERRED;


--
-- Name: yakuri_detail yakuri_detail_season_id_cd913b36_fk_yakuri_season_id; Type: FK CONSTRAINT; Schema: public; Owner: postgres
--

ALTER TABLE ONLY public.yakuri_detail
    ADD CONSTRAINT yakuri_detail_season_id_cd913b36_fk_yakuri_season_id FOREIGN KEY (season_id) REFERENCES public.yakuri_season(id) DEFERRABLE INITIALLY DEFERRED;


--
-- Name: yakuri_detail_target yakuri_detail_target_detail_id_28ffde3f_fk_yakuri_detail_id; Type: FK CONSTRAINT; Schema: public; Owner: postgres
--

ALTER TABLE ONLY public.yakuri_detail_target
    ADD CONSTRAINT yakuri_detail_target_detail_id_28ffde3f_fk_yakuri_detail_id FOREIGN KEY (detail_id) REFERENCES public.yakuri_detail(id) DEFERRABLE INITIALLY DEFERRED;


--
-- Name: yakuri_detail_target yakuri_detail_target_target_id_a4817269_fk_yakuri_target_id; Type: FK CONSTRAINT; Schema: public; Owner: postgres
--

ALTER TABLE ONLY public.yakuri_detail_target
    ADD CONSTRAINT yakuri_detail_target_target_id_a4817269_fk_yakuri_target_id FOREIGN KEY (target_id) REFERENCES public.yakuri_target(id) DEFERRABLE INITIALLY DEFERRED;


--
-- Name: yakuri_detail yakuri_detail_work_id_090c5360_fk_yakuri_work_id; Type: FK CONSTRAINT; Schema: public; Owner: postgres
--

ALTER TABLE ONLY public.yakuri_detail
    ADD CONSTRAINT yakuri_detail_work_id_090c5360_fk_yakuri_work_id FOREIGN KEY (work_id) REFERENCES public.yakuri_work(id) DEFERRABLE INITIALLY DEFERRED;


--
-- Name: yakuri_fields_reltarget yakuri_fields_reltarget_fields_id_1c3c8b75_fk_yakuri_fields_id; Type: FK CONSTRAINT; Schema: public; Owner: postgres
--

ALTER TABLE ONLY public.yakuri_fields_reltarget
    ADD CONSTRAINT yakuri_fields_reltarget_fields_id_1c3c8b75_fk_yakuri_fields_id FOREIGN KEY (fields_id) REFERENCES public.yakuri_fields(id) DEFERRABLE INITIALLY DEFERRED;


--
-- Name: yakuri_fields_reltarget yakuri_fields_reltarget_target_id_a13a1585_fk_yakuri_target_id; Type: FK CONSTRAINT; Schema: public; Owner: postgres
--

ALTER TABLE ONLY public.yakuri_fields_reltarget
    ADD CONSTRAINT yakuri_fields_reltarget_target_id_a13a1585_fk_yakuri_target_id FOREIGN KEY (target_id) REFERENCES public.yakuri_target(id) DEFERRABLE INITIALLY DEFERRED;


--
-- Name: yakuri_fields yakuri_fields_subject_id_6eaa592b_fk_yakuri_subject_id; Type: FK CONSTRAINT; Schema: public; Owner: postgres
--

ALTER TABLE ONLY public.yakuri_fields
    ADD CONSTRAINT yakuri_fields_subject_id_6eaa592b_fk_yakuri_subject_id FOREIGN KEY (subject_id) REFERENCES public.yakuri_subject(id) DEFERRABLE INITIALLY DEFERRED;


--
-- Name: SCHEMA public; Type: ACL; Schema: -; Owner: postgres
--

GRANT ALL ON SCHEMA public TO PUBLIC;


--
-- PostgreSQL database dump complete
--

