--
-- PostgreSQL database dump
--

-- Dumped from database version 10.10 (Ubuntu 10.10-0ubuntu0.18.04.1)
-- Dumped by pg_dump version 10.10 (Ubuntu 10.10-0ubuntu0.18.04.1)

SET statement_timeout = 0;
SET lock_timeout = 0;
SET idle_in_transaction_session_timeout = 0;
SET client_encoding = 'UTF8';
SET standard_conforming_strings = on;
SELECT pg_catalog.set_config('search_path', '', false);
SET check_function_bodies = false;
SET xmloption = content;
SET client_min_messages = warning;
SET row_security = off;

ALTER TABLE ONLY public.yakuri_fields DROP CONSTRAINT yakuri_fields_subject_id_6eaa592b_fk_yakuri_subject_id;
ALTER TABLE ONLY public.yakuri_detail DROP CONSTRAINT yakuri_detail_work_id_090c5360_fk_yakuri_work_id;
ALTER TABLE ONLY public.yakuri_detail DROP CONSTRAINT yakuri_detail_season_id_cd913b36_fk_yakuri_season_id;
ALTER TABLE ONLY public.yakuri_detail DROP CONSTRAINT yakuri_detail_grade_id_4c1d9abd_fk_yakuri_grade_id;
ALTER TABLE ONLY public.yakuri_detail DROP CONSTRAINT yakuri_detail_field_id_8aa4285f_fk_yakuri_fields_id;
ALTER TABLE ONLY public.django_admin_log DROP CONSTRAINT django_admin_log_user_id_c564eba6_fk_auth_user_id;
ALTER TABLE ONLY public.django_admin_log DROP CONSTRAINT django_admin_log_content_type_id_c4bce8eb_fk_django_co;
ALTER TABLE ONLY public.auth_user_user_permissions DROP CONSTRAINT auth_user_user_permissions_user_id_a95ead1b_fk_auth_user_id;
ALTER TABLE ONLY public.auth_user_user_permissions DROP CONSTRAINT auth_user_user_permi_permission_id_1fbb5f2c_fk_auth_perm;
ALTER TABLE ONLY public.auth_user_groups DROP CONSTRAINT auth_user_groups_user_id_6a12ed8b_fk_auth_user_id;
ALTER TABLE ONLY public.auth_user_groups DROP CONSTRAINT auth_user_groups_group_id_97559544_fk_auth_group_id;
ALTER TABLE ONLY public.auth_permission DROP CONSTRAINT auth_permission_content_type_id_2f476e4b_fk_django_co;
ALTER TABLE ONLY public.auth_group_permissions DROP CONSTRAINT auth_group_permissions_group_id_b120cbf9_fk_auth_group_id;
ALTER TABLE ONLY public.auth_group_permissions DROP CONSTRAINT auth_group_permissio_permission_id_84c5c92e_fk_auth_perm;
DROP INDEX public.yakuri_fields_subject_id_6eaa592b;
DROP INDEX public.yakuri_fields_fields_f53c1d3b_like;
DROP INDEX public.yakuri_detail_work_id_090c5360;
DROP INDEX public.yakuri_detail_season_id_cd913b36;
DROP INDEX public.yakuri_detail_grade_id_4c1d9abd;
DROP INDEX public.yakuri_detail_field_id_8aa4285f;
DROP INDEX public.django_session_session_key_c0390e0f_like;
DROP INDEX public.django_session_expire_date_a5c62663;
DROP INDEX public.django_admin_log_user_id_c564eba6;
DROP INDEX public.django_admin_log_content_type_id_c4bce8eb;
DROP INDEX public.auth_user_username_6821ab7c_like;
DROP INDEX public.auth_user_user_permissions_user_id_a95ead1b;
DROP INDEX public.auth_user_user_permissions_permission_id_1fbb5f2c;
DROP INDEX public.auth_user_groups_user_id_6a12ed8b;
DROP INDEX public.auth_user_groups_group_id_97559544;
DROP INDEX public.auth_permission_content_type_id_2f476e4b;
DROP INDEX public.auth_group_permissions_permission_id_84c5c92e;
DROP INDEX public.auth_group_permissions_group_id_b120cbf9;
DROP INDEX public.auth_group_name_a6ea08ec_like;
ALTER TABLE ONLY public.yakuri_work DROP CONSTRAINT yakuri_work_pkey;
ALTER TABLE ONLY public.yakuri_subject DROP CONSTRAINT yakuri_subject_pkey;
ALTER TABLE ONLY public.yakuri_season DROP CONSTRAINT yakuri_season_pkey;
ALTER TABLE ONLY public.yakuri_grade DROP CONSTRAINT yakuri_grade_pkey;
ALTER TABLE ONLY public.yakuri_fields DROP CONSTRAINT yakuri_fields_pkey;
ALTER TABLE ONLY public.yakuri_fields DROP CONSTRAINT yakuri_fields_fields_key;
ALTER TABLE ONLY public.yakuri_detail DROP CONSTRAINT yakuri_detail_pkey;
ALTER TABLE ONLY public.yakuri_fields DROP CONSTRAINT subjects_fields_unique;
ALTER TABLE ONLY public.yakuri_detail DROP CONSTRAINT field_name;
ALTER TABLE ONLY public.django_session DROP CONSTRAINT django_session_pkey;
ALTER TABLE ONLY public.django_migrations DROP CONSTRAINT django_migrations_pkey;
ALTER TABLE ONLY public.django_content_type DROP CONSTRAINT django_content_type_pkey;
ALTER TABLE ONLY public.django_content_type DROP CONSTRAINT django_content_type_app_label_model_76bd3d3b_uniq;
ALTER TABLE ONLY public.django_admin_log DROP CONSTRAINT django_admin_log_pkey;
ALTER TABLE ONLY public.auth_user DROP CONSTRAINT auth_user_username_key;
ALTER TABLE ONLY public.auth_user_user_permissions DROP CONSTRAINT auth_user_user_permissions_user_id_permission_id_14a6b632_uniq;
ALTER TABLE ONLY public.auth_user_user_permissions DROP CONSTRAINT auth_user_user_permissions_pkey;
ALTER TABLE ONLY public.auth_user DROP CONSTRAINT auth_user_pkey;
ALTER TABLE ONLY public.auth_user_groups DROP CONSTRAINT auth_user_groups_user_id_group_id_94350c0c_uniq;
ALTER TABLE ONLY public.auth_user_groups DROP CONSTRAINT auth_user_groups_pkey;
ALTER TABLE ONLY public.auth_permission DROP CONSTRAINT auth_permission_pkey;
ALTER TABLE ONLY public.auth_permission DROP CONSTRAINT auth_permission_content_type_id_codename_01ab375a_uniq;
ALTER TABLE ONLY public.auth_group DROP CONSTRAINT auth_group_pkey;
ALTER TABLE ONLY public.auth_group_permissions DROP CONSTRAINT auth_group_permissions_pkey;
ALTER TABLE ONLY public.auth_group_permissions DROP CONSTRAINT auth_group_permissions_group_id_permission_id_0cd325b0_uniq;
ALTER TABLE ONLY public.auth_group DROP CONSTRAINT auth_group_name_key;
ALTER TABLE public.yakuri_work ALTER COLUMN id DROP DEFAULT;
ALTER TABLE public.yakuri_subject ALTER COLUMN id DROP DEFAULT;
ALTER TABLE public.yakuri_season ALTER COLUMN id DROP DEFAULT;
ALTER TABLE public.yakuri_grade ALTER COLUMN id DROP DEFAULT;
ALTER TABLE public.yakuri_fields ALTER COLUMN id DROP DEFAULT;
ALTER TABLE public.yakuri_detail ALTER COLUMN id DROP DEFAULT;
ALTER TABLE public.django_migrations ALTER COLUMN id DROP DEFAULT;
ALTER TABLE public.django_content_type ALTER COLUMN id DROP DEFAULT;
ALTER TABLE public.django_admin_log ALTER COLUMN id DROP DEFAULT;
ALTER TABLE public.auth_user_user_permissions ALTER COLUMN id DROP DEFAULT;
ALTER TABLE public.auth_user_groups ALTER COLUMN id DROP DEFAULT;
ALTER TABLE public.auth_user ALTER COLUMN id DROP DEFAULT;
ALTER TABLE public.auth_permission ALTER COLUMN id DROP DEFAULT;
ALTER TABLE public.auth_group_permissions ALTER COLUMN id DROP DEFAULT;
ALTER TABLE public.auth_group ALTER COLUMN id DROP DEFAULT;
DROP SEQUENCE public.yakuri_work_id_seq;
DROP TABLE public.yakuri_work;
DROP SEQUENCE public.yakuri_subject_id_seq;
DROP TABLE public.yakuri_subject;
DROP SEQUENCE public.yakuri_season_id_seq;
DROP TABLE public.yakuri_season;
DROP SEQUENCE public.yakuri_grade_id_seq;
DROP TABLE public.yakuri_grade;
DROP SEQUENCE public.yakuri_fields_id_seq;
DROP TABLE public.yakuri_fields;
DROP SEQUENCE public.yakuri_detail_id_seq;
DROP TABLE public.yakuri_detail;
DROP TABLE public.django_session;
DROP SEQUENCE public.django_migrations_id_seq;
DROP TABLE public.django_migrations;
DROP SEQUENCE public.django_content_type_id_seq;
DROP TABLE public.django_content_type;
DROP SEQUENCE public.django_admin_log_id_seq;
DROP TABLE public.django_admin_log;
DROP SEQUENCE public.auth_user_user_permissions_id_seq;
DROP TABLE public.auth_user_user_permissions;
DROP SEQUENCE public.auth_user_id_seq;
DROP SEQUENCE public.auth_user_groups_id_seq;
DROP TABLE public.auth_user_groups;
DROP TABLE public.auth_user;
DROP SEQUENCE public.auth_permission_id_seq;
DROP TABLE public.auth_permission;
DROP SEQUENCE public.auth_group_permissions_id_seq;
DROP TABLE public.auth_group_permissions;
DROP SEQUENCE public.auth_group_id_seq;
DROP TABLE public.auth_group;
DROP EXTENSION plpgsql;
DROP SCHEMA public;
--
-- Name: public; Type: SCHEMA; Schema: -; Owner: postgres
--

CREATE SCHEMA public;


ALTER SCHEMA public OWNER TO postgres;

--
-- Name: SCHEMA public; Type: COMMENT; Schema: -; Owner: postgres
--

COMMENT ON SCHEMA public IS 'standard public schema';


--
-- Name: plpgsql; Type: EXTENSION; Schema: -; Owner: 
--

CREATE EXTENSION IF NOT EXISTS plpgsql WITH SCHEMA pg_catalog;


--
-- Name: EXTENSION plpgsql; Type: COMMENT; Schema: -; Owner: 
--

COMMENT ON EXTENSION plpgsql IS 'PL/pgSQL procedural language';


SET default_tablespace = '';

SET default_with_oids = false;

--
-- Name: auth_group; Type: TABLE; Schema: public; Owner: postgres
--

CREATE TABLE public.auth_group (
    id integer NOT NULL,
    name character varying(150) NOT NULL
);


ALTER TABLE public.auth_group OWNER TO postgres;

--
-- Name: auth_group_id_seq; Type: SEQUENCE; Schema: public; Owner: postgres
--

CREATE SEQUENCE public.auth_group_id_seq
    AS integer
    START WITH 1
    INCREMENT BY 1
    NO MINVALUE
    NO MAXVALUE
    CACHE 1;


ALTER TABLE public.auth_group_id_seq OWNER TO postgres;

--
-- Name: auth_group_id_seq; Type: SEQUENCE OWNED BY; Schema: public; Owner: postgres
--

ALTER SEQUENCE public.auth_group_id_seq OWNED BY public.auth_group.id;


--
-- Name: auth_group_permissions; Type: TABLE; Schema: public; Owner: postgres
--

CREATE TABLE public.auth_group_permissions (
    id integer NOT NULL,
    group_id integer NOT NULL,
    permission_id integer NOT NULL
);


ALTER TABLE public.auth_group_permissions OWNER TO postgres;

--
-- Name: auth_group_permissions_id_seq; Type: SEQUENCE; Schema: public; Owner: postgres
--

CREATE SEQUENCE public.auth_group_permissions_id_seq
    AS integer
    START WITH 1
    INCREMENT BY 1
    NO MINVALUE
    NO MAXVALUE
    CACHE 1;


ALTER TABLE public.auth_group_permissions_id_seq OWNER TO postgres;

--
-- Name: auth_group_permissions_id_seq; Type: SEQUENCE OWNED BY; Schema: public; Owner: postgres
--

ALTER SEQUENCE public.auth_group_permissions_id_seq OWNED BY public.auth_group_permissions.id;


--
-- Name: auth_permission; Type: TABLE; Schema: public; Owner: postgres
--

CREATE TABLE public.auth_permission (
    id integer NOT NULL,
    name character varying(255) NOT NULL,
    content_type_id integer NOT NULL,
    codename character varying(100) NOT NULL
);


ALTER TABLE public.auth_permission OWNER TO postgres;

--
-- Name: auth_permission_id_seq; Type: SEQUENCE; Schema: public; Owner: postgres
--

CREATE SEQUENCE public.auth_permission_id_seq
    AS integer
    START WITH 1
    INCREMENT BY 1
    NO MINVALUE
    NO MAXVALUE
    CACHE 1;


ALTER TABLE public.auth_permission_id_seq OWNER TO postgres;

--
-- Name: auth_permission_id_seq; Type: SEQUENCE OWNED BY; Schema: public; Owner: postgres
--

ALTER SEQUENCE public.auth_permission_id_seq OWNED BY public.auth_permission.id;


--
-- Name: auth_user; Type: TABLE; Schema: public; Owner: postgres
--

CREATE TABLE public.auth_user (
    id integer NOT NULL,
    password character varying(128) NOT NULL,
    last_login timestamp with time zone,
    is_superuser boolean NOT NULL,
    username character varying(150) NOT NULL,
    first_name character varying(30) NOT NULL,
    last_name character varying(150) NOT NULL,
    email character varying(254) NOT NULL,
    is_staff boolean NOT NULL,
    is_active boolean NOT NULL,
    date_joined timestamp with time zone NOT NULL
);


ALTER TABLE public.auth_user OWNER TO postgres;

--
-- Name: auth_user_groups; Type: TABLE; Schema: public; Owner: postgres
--

CREATE TABLE public.auth_user_groups (
    id integer NOT NULL,
    user_id integer NOT NULL,
    group_id integer NOT NULL
);


ALTER TABLE public.auth_user_groups OWNER TO postgres;

--
-- Name: auth_user_groups_id_seq; Type: SEQUENCE; Schema: public; Owner: postgres
--

CREATE SEQUENCE public.auth_user_groups_id_seq
    AS integer
    START WITH 1
    INCREMENT BY 1
    NO MINVALUE
    NO MAXVALUE
    CACHE 1;


ALTER TABLE public.auth_user_groups_id_seq OWNER TO postgres;

--
-- Name: auth_user_groups_id_seq; Type: SEQUENCE OWNED BY; Schema: public; Owner: postgres
--

ALTER SEQUENCE public.auth_user_groups_id_seq OWNED BY public.auth_user_groups.id;


--
-- Name: auth_user_id_seq; Type: SEQUENCE; Schema: public; Owner: postgres
--

CREATE SEQUENCE public.auth_user_id_seq
    AS integer
    START WITH 1
    INCREMENT BY 1
    NO MINVALUE
    NO MAXVALUE
    CACHE 1;


ALTER TABLE public.auth_user_id_seq OWNER TO postgres;

--
-- Name: auth_user_id_seq; Type: SEQUENCE OWNED BY; Schema: public; Owner: postgres
--

ALTER SEQUENCE public.auth_user_id_seq OWNED BY public.auth_user.id;


--
-- Name: auth_user_user_permissions; Type: TABLE; Schema: public; Owner: postgres
--

CREATE TABLE public.auth_user_user_permissions (
    id integer NOT NULL,
    user_id integer NOT NULL,
    permission_id integer NOT NULL
);


ALTER TABLE public.auth_user_user_permissions OWNER TO postgres;

--
-- Name: auth_user_user_permissions_id_seq; Type: SEQUENCE; Schema: public; Owner: postgres
--

CREATE SEQUENCE public.auth_user_user_permissions_id_seq
    AS integer
    START WITH 1
    INCREMENT BY 1
    NO MINVALUE
    NO MAXVALUE
    CACHE 1;


ALTER TABLE public.auth_user_user_permissions_id_seq OWNER TO postgres;

--
-- Name: auth_user_user_permissions_id_seq; Type: SEQUENCE OWNED BY; Schema: public; Owner: postgres
--

ALTER SEQUENCE public.auth_user_user_permissions_id_seq OWNED BY public.auth_user_user_permissions.id;


--
-- Name: django_admin_log; Type: TABLE; Schema: public; Owner: postgres
--

CREATE TABLE public.django_admin_log (
    id integer NOT NULL,
    action_time timestamp with time zone NOT NULL,
    object_id text,
    object_repr character varying(200) NOT NULL,
    action_flag smallint NOT NULL,
    change_message text NOT NULL,
    content_type_id integer,
    user_id integer NOT NULL,
    CONSTRAINT django_admin_log_action_flag_check CHECK ((action_flag >= 0))
);


ALTER TABLE public.django_admin_log OWNER TO postgres;

--
-- Name: django_admin_log_id_seq; Type: SEQUENCE; Schema: public; Owner: postgres
--

CREATE SEQUENCE public.django_admin_log_id_seq
    AS integer
    START WITH 1
    INCREMENT BY 1
    NO MINVALUE
    NO MAXVALUE
    CACHE 1;


ALTER TABLE public.django_admin_log_id_seq OWNER TO postgres;

--
-- Name: django_admin_log_id_seq; Type: SEQUENCE OWNED BY; Schema: public; Owner: postgres
--

ALTER SEQUENCE public.django_admin_log_id_seq OWNED BY public.django_admin_log.id;


--
-- Name: django_content_type; Type: TABLE; Schema: public; Owner: postgres
--

CREATE TABLE public.django_content_type (
    id integer NOT NULL,
    app_label character varying(100) NOT NULL,
    model character varying(100) NOT NULL
);


ALTER TABLE public.django_content_type OWNER TO postgres;

--
-- Name: django_content_type_id_seq; Type: SEQUENCE; Schema: public; Owner: postgres
--

CREATE SEQUENCE public.django_content_type_id_seq
    AS integer
    START WITH 1
    INCREMENT BY 1
    NO MINVALUE
    NO MAXVALUE
    CACHE 1;


ALTER TABLE public.django_content_type_id_seq OWNER TO postgres;

--
-- Name: django_content_type_id_seq; Type: SEQUENCE OWNED BY; Schema: public; Owner: postgres
--

ALTER SEQUENCE public.django_content_type_id_seq OWNED BY public.django_content_type.id;


--
-- Name: django_migrations; Type: TABLE; Schema: public; Owner: postgres
--

CREATE TABLE public.django_migrations (
    id integer NOT NULL,
    app character varying(255) NOT NULL,
    name character varying(255) NOT NULL,
    applied timestamp with time zone NOT NULL
);


ALTER TABLE public.django_migrations OWNER TO postgres;

--
-- Name: django_migrations_id_seq; Type: SEQUENCE; Schema: public; Owner: postgres
--

CREATE SEQUENCE public.django_migrations_id_seq
    AS integer
    START WITH 1
    INCREMENT BY 1
    NO MINVALUE
    NO MAXVALUE
    CACHE 1;


ALTER TABLE public.django_migrations_id_seq OWNER TO postgres;

--
-- Name: django_migrations_id_seq; Type: SEQUENCE OWNED BY; Schema: public; Owner: postgres
--

ALTER SEQUENCE public.django_migrations_id_seq OWNED BY public.django_migrations.id;


--
-- Name: django_session; Type: TABLE; Schema: public; Owner: postgres
--

CREATE TABLE public.django_session (
    session_key character varying(40) NOT NULL,
    session_data text NOT NULL,
    expire_date timestamp with time zone NOT NULL
);


ALTER TABLE public.django_session OWNER TO postgres;

--
-- Name: yakuri_detail; Type: TABLE; Schema: public; Owner: postgres
--

CREATE TABLE public.yakuri_detail (
    id integer NOT NULL,
    name character varying(25) NOT NULL,
    target character varying(35) NOT NULL,
    detail text,
    structure character varying(100),
    field_id integer NOT NULL,
    grade_id integer NOT NULL,
    season_id integer NOT NULL,
    work_id integer NOT NULL
);


ALTER TABLE public.yakuri_detail OWNER TO postgres;

--
-- Name: yakuri_detail_id_seq; Type: SEQUENCE; Schema: public; Owner: postgres
--

CREATE SEQUENCE public.yakuri_detail_id_seq
    AS integer
    START WITH 1
    INCREMENT BY 1
    NO MINVALUE
    NO MAXVALUE
    CACHE 1;


ALTER TABLE public.yakuri_detail_id_seq OWNER TO postgres;

--
-- Name: yakuri_detail_id_seq; Type: SEQUENCE OWNED BY; Schema: public; Owner: postgres
--

ALTER SEQUENCE public.yakuri_detail_id_seq OWNED BY public.yakuri_detail.id;


--
-- Name: yakuri_fields; Type: TABLE; Schema: public; Owner: postgres
--

CREATE TABLE public.yakuri_fields (
    id integer NOT NULL,
    fields character varying(25) NOT NULL,
    subject_id integer NOT NULL
);


ALTER TABLE public.yakuri_fields OWNER TO postgres;

--
-- Name: yakuri_fields_id_seq; Type: SEQUENCE; Schema: public; Owner: postgres
--

CREATE SEQUENCE public.yakuri_fields_id_seq
    AS integer
    START WITH 1
    INCREMENT BY 1
    NO MINVALUE
    NO MAXVALUE
    CACHE 1;


ALTER TABLE public.yakuri_fields_id_seq OWNER TO postgres;

--
-- Name: yakuri_fields_id_seq; Type: SEQUENCE OWNED BY; Schema: public; Owner: postgres
--

ALTER SEQUENCE public.yakuri_fields_id_seq OWNED BY public.yakuri_fields.id;


--
-- Name: yakuri_grade; Type: TABLE; Schema: public; Owner: postgres
--

CREATE TABLE public.yakuri_grade (
    id integer NOT NULL,
    grades character varying(10) NOT NULL
);


ALTER TABLE public.yakuri_grade OWNER TO postgres;

--
-- Name: yakuri_grade_id_seq; Type: SEQUENCE; Schema: public; Owner: postgres
--

CREATE SEQUENCE public.yakuri_grade_id_seq
    AS integer
    START WITH 1
    INCREMENT BY 1
    NO MINVALUE
    NO MAXVALUE
    CACHE 1;


ALTER TABLE public.yakuri_grade_id_seq OWNER TO postgres;

--
-- Name: yakuri_grade_id_seq; Type: SEQUENCE OWNED BY; Schema: public; Owner: postgres
--

ALTER SEQUENCE public.yakuri_grade_id_seq OWNED BY public.yakuri_grade.id;


--
-- Name: yakuri_season; Type: TABLE; Schema: public; Owner: postgres
--

CREATE TABLE public.yakuri_season (
    id integer NOT NULL,
    seasons character varying(5) NOT NULL
);


ALTER TABLE public.yakuri_season OWNER TO postgres;

--
-- Name: yakuri_season_id_seq; Type: SEQUENCE; Schema: public; Owner: postgres
--

CREATE SEQUENCE public.yakuri_season_id_seq
    AS integer
    START WITH 1
    INCREMENT BY 1
    NO MINVALUE
    NO MAXVALUE
    CACHE 1;


ALTER TABLE public.yakuri_season_id_seq OWNER TO postgres;

--
-- Name: yakuri_season_id_seq; Type: SEQUENCE OWNED BY; Schema: public; Owner: postgres
--

ALTER SEQUENCE public.yakuri_season_id_seq OWNED BY public.yakuri_season.id;


--
-- Name: yakuri_subject; Type: TABLE; Schema: public; Owner: postgres
--

CREATE TABLE public.yakuri_subject (
    id integer NOT NULL,
    subjects character varying(10) NOT NULL,
    subinfo text
);


ALTER TABLE public.yakuri_subject OWNER TO postgres;

--
-- Name: yakuri_subject_id_seq; Type: SEQUENCE; Schema: public; Owner: postgres
--

CREATE SEQUENCE public.yakuri_subject_id_seq
    AS integer
    START WITH 1
    INCREMENT BY 1
    NO MINVALUE
    NO MAXVALUE
    CACHE 1;


ALTER TABLE public.yakuri_subject_id_seq OWNER TO postgres;

--
-- Name: yakuri_subject_id_seq; Type: SEQUENCE OWNED BY; Schema: public; Owner: postgres
--

ALTER SEQUENCE public.yakuri_subject_id_seq OWNED BY public.yakuri_subject.id;


--
-- Name: yakuri_work; Type: TABLE; Schema: public; Owner: postgres
--

CREATE TABLE public.yakuri_work (
    id integer NOT NULL,
    works character varying(25) NOT NULL
);


ALTER TABLE public.yakuri_work OWNER TO postgres;

--
-- Name: yakuri_work_id_seq; Type: SEQUENCE; Schema: public; Owner: postgres
--

CREATE SEQUENCE public.yakuri_work_id_seq
    AS integer
    START WITH 1
    INCREMENT BY 1
    NO MINVALUE
    NO MAXVALUE
    CACHE 1;


ALTER TABLE public.yakuri_work_id_seq OWNER TO postgres;

--
-- Name: yakuri_work_id_seq; Type: SEQUENCE OWNED BY; Schema: public; Owner: postgres
--

ALTER SEQUENCE public.yakuri_work_id_seq OWNED BY public.yakuri_work.id;


--
-- Name: auth_group id; Type: DEFAULT; Schema: public; Owner: postgres
--

ALTER TABLE ONLY public.auth_group ALTER COLUMN id SET DEFAULT nextval('public.auth_group_id_seq'::regclass);


--
-- Name: auth_group_permissions id; Type: DEFAULT; Schema: public; Owner: postgres
--

ALTER TABLE ONLY public.auth_group_permissions ALTER COLUMN id SET DEFAULT nextval('public.auth_group_permissions_id_seq'::regclass);


--
-- Name: auth_permission id; Type: DEFAULT; Schema: public; Owner: postgres
--

ALTER TABLE ONLY public.auth_permission ALTER COLUMN id SET DEFAULT nextval('public.auth_permission_id_seq'::regclass);


--
-- Name: auth_user id; Type: DEFAULT; Schema: public; Owner: postgres
--

ALTER TABLE ONLY public.auth_user ALTER COLUMN id SET DEFAULT nextval('public.auth_user_id_seq'::regclass);


--
-- Name: auth_user_groups id; Type: DEFAULT; Schema: public; Owner: postgres
--

ALTER TABLE ONLY public.auth_user_groups ALTER COLUMN id SET DEFAULT nextval('public.auth_user_groups_id_seq'::regclass);


--
-- Name: auth_user_user_permissions id; Type: DEFAULT; Schema: public; Owner: postgres
--

ALTER TABLE ONLY public.auth_user_user_permissions ALTER COLUMN id SET DEFAULT nextval('public.auth_user_user_permissions_id_seq'::regclass);


--
-- Name: django_admin_log id; Type: DEFAULT; Schema: public; Owner: postgres
--

ALTER TABLE ONLY public.django_admin_log ALTER COLUMN id SET DEFAULT nextval('public.django_admin_log_id_seq'::regclass);


--
-- Name: django_content_type id; Type: DEFAULT; Schema: public; Owner: postgres
--

ALTER TABLE ONLY public.django_content_type ALTER COLUMN id SET DEFAULT nextval('public.django_content_type_id_seq'::regclass);


--
-- Name: django_migrations id; Type: DEFAULT; Schema: public; Owner: postgres
--

ALTER TABLE ONLY public.django_migrations ALTER COLUMN id SET DEFAULT nextval('public.django_migrations_id_seq'::regclass);


--
-- Name: yakuri_detail id; Type: DEFAULT; Schema: public; Owner: postgres
--

ALTER TABLE ONLY public.yakuri_detail ALTER COLUMN id SET DEFAULT nextval('public.yakuri_detail_id_seq'::regclass);


--
-- Name: yakuri_fields id; Type: DEFAULT; Schema: public; Owner: postgres
--

ALTER TABLE ONLY public.yakuri_fields ALTER COLUMN id SET DEFAULT nextval('public.yakuri_fields_id_seq'::regclass);


--
-- Name: yakuri_grade id; Type: DEFAULT; Schema: public; Owner: postgres
--

ALTER TABLE ONLY public.yakuri_grade ALTER COLUMN id SET DEFAULT nextval('public.yakuri_grade_id_seq'::regclass);


--
-- Name: yakuri_season id; Type: DEFAULT; Schema: public; Owner: postgres
--

ALTER TABLE ONLY public.yakuri_season ALTER COLUMN id SET DEFAULT nextval('public.yakuri_season_id_seq'::regclass);


--
-- Name: yakuri_subject id; Type: DEFAULT; Schema: public; Owner: postgres
--

ALTER TABLE ONLY public.yakuri_subject ALTER COLUMN id SET DEFAULT nextval('public.yakuri_subject_id_seq'::regclass);


--
-- Name: yakuri_work id; Type: DEFAULT; Schema: public; Owner: postgres
--

ALTER TABLE ONLY public.yakuri_work ALTER COLUMN id SET DEFAULT nextval('public.yakuri_work_id_seq'::regclass);


--
-- Data for Name: auth_group; Type: TABLE DATA; Schema: public; Owner: postgres
--

COPY public.auth_group (id, name) FROM stdin;
\.


--
-- Data for Name: auth_group_permissions; Type: TABLE DATA; Schema: public; Owner: postgres
--

COPY public.auth_group_permissions (id, group_id, permission_id) FROM stdin;
\.


--
-- Data for Name: auth_permission; Type: TABLE DATA; Schema: public; Owner: postgres
--

COPY public.auth_permission (id, name, content_type_id, codename) FROM stdin;
1	Can add log entry	1	add_logentry
2	Can change log entry	1	change_logentry
3	Can delete log entry	1	delete_logentry
4	Can view log entry	1	view_logentry
5	Can add permission	2	add_permission
6	Can change permission	2	change_permission
7	Can delete permission	2	delete_permission
8	Can view permission	2	view_permission
9	Can add group	3	add_group
10	Can change group	3	change_group
11	Can delete group	3	delete_group
12	Can view group	3	view_group
13	Can add user	4	add_user
14	Can change user	4	change_user
15	Can delete user	4	delete_user
16	Can view user	4	view_user
17	Can add content type	5	add_contenttype
18	Can change content type	5	change_contenttype
19	Can delete content type	5	delete_contenttype
20	Can view content type	5	view_contenttype
21	Can add session	6	add_session
22	Can change session	6	change_session
23	Can delete session	6	delete_session
24	Can view session	6	view_session
25	Can add grade	7	add_grade
26	Can change grade	7	change_grade
27	Can delete grade	7	delete_grade
28	Can view grade	7	view_grade
29	Can add season	8	add_season
30	Can change season	8	change_season
31	Can delete season	8	delete_season
32	Can view season	8	view_season
33	Can add subject	9	add_subject
34	Can change subject	9	change_subject
35	Can delete subject	9	delete_subject
36	Can view subject	9	view_subject
37	Can add work	10	add_work
38	Can change work	10	change_work
39	Can delete work	10	delete_work
40	Can view work	10	view_work
41	Can add fields	11	add_fields
42	Can change fields	11	change_fields
43	Can delete fields	11	delete_fields
44	Can view fields	11	view_fields
45	Can add detail	12	add_detail
46	Can change detail	12	change_detail
47	Can delete detail	12	delete_detail
48	Can view detail	12	view_detail
\.


--
-- Data for Name: auth_user; Type: TABLE DATA; Schema: public; Owner: postgres
--

COPY public.auth_user (id, password, last_login, is_superuser, username, first_name, last_name, email, is_staff, is_active, date_joined) FROM stdin;
1	pbkdf2_sha256$180000$fsnBeT7cInNg$/lG5eGOCxlYPOd9El0EJmZA68EypdhcRGcB0n8mWEe0=	2021-05-01 04:49:56.066381+00	t	poteto1212			test@gmail.com	t	t	2021-05-01 04:49:38.536267+00
\.


--
-- Data for Name: auth_user_groups; Type: TABLE DATA; Schema: public; Owner: postgres
--

COPY public.auth_user_groups (id, user_id, group_id) FROM stdin;
\.


--
-- Data for Name: auth_user_user_permissions; Type: TABLE DATA; Schema: public; Owner: postgres
--

COPY public.auth_user_user_permissions (id, user_id, permission_id) FROM stdin;
\.


--
-- Data for Name: django_admin_log; Type: TABLE DATA; Schema: public; Owner: postgres
--

COPY public.django_admin_log (id, action_time, object_id, object_repr, action_flag, change_message, content_type_id, user_id) FROM stdin;
1	2021-05-01 04:50:14.560479+00	1	刺激	1	[{"added": {}}]	10	1
2	2021-05-01 04:50:21.264504+00	2	遮断	1	[{"added": {}}]	10	1
3	2021-05-01 04:50:53.007912+00	1	薬理学序論	1	[{"added": {}}]	9	1
4	2021-05-01 04:51:03.153551+00	2	薬理学Ⅰ	1	[{"added": {}}]	9	1
5	2021-05-01 04:51:12.963925+00	3	薬理学Ⅱ	1	[{"added": {}}]	9	1
6	2021-05-01 04:51:22.138336+00	4	薬理学Ⅲ	1	[{"added": {}}]	9	1
7	2021-05-01 04:51:30.85707+00	5	微生物学Ⅱ	1	[{"added": {}}]	9	1
8	2021-05-01 04:51:49.872871+00	1	前期(春)	1	[{"added": {}}]	8	1
9	2021-05-01 04:51:59.484639+00	2	後期(秋)	1	[{"added": {}}]	8	1
10	2021-05-01 04:52:13.562391+00	1	2年生	1	[{"added": {}}]	7	1
11	2021-05-01 04:52:19.585909+00	2	3年生	1	[{"added": {}}]	7	1
12	2021-05-01 04:53:49.796523+00	1	抗ヒスタミン薬(薬理学序論)	1	[{"added": {}}]	11	1
13	2021-05-01 04:54:59.344734+00	1	クロルフェニラミン	1	[{"added": {}}]	12	1
14	2021-05-01 04:55:22.606837+00	1	クロルフェニラミン	2	[{"changed": {"fields": ["Structure"]}}]	12	1
15	2021-05-01 04:55:27.293205+00	2	クロルフェニラミン	1	[{"added": {}}]	12	1
16	2021-05-01 04:55:45.121261+00	2	クロルフェニラミン	2	[]	12	1
17	2021-05-01 04:56:02.967371+00	2	ジフェンヒドラミン	2	[{"changed": {"fields": ["\\u85ac\\u7269\\u540d"]}}]	12	1
18	2021-05-01 04:58:04.646576+00	3	ジメンヒドリナート	1	[{"added": {}}]	12	1
19	2021-05-01 05:11:56.115937+00	4	エピナスチン	1	[{"added": {}}]	12	1
20	2021-05-01 05:13:17.674842+00	5	メキタジン	1	[{"added": {}}]	12	1
21	2021-05-01 05:14:56.638093+00	6	フェキソフェナジン	1	[{"added": {}}]	12	1
22	2021-05-01 05:16:02.692041+00	7	ケトチフェン	1	[{"added": {}}]	12	1
23	2021-05-01 05:16:48.398611+00	8	オキサトミド	1	[{"added": {}}]	12	1
24	2021-05-01 05:18:20.554947+00	9	ナファゾリン	1	[{"added": {}}]	12	1
25	2021-05-01 05:19:16.895873+00	2	交感神経関連薬(序論)	1	[{"added": {}}]	11	1
26	2021-05-01 05:19:21.370099+00	9	ナファゾリン	2	[{"changed": {"fields": ["\\u5206\\u91ce(\\u79d1\\u76ee)\\u9078\\u629e"]}}]	12	1
27	2021-05-01 05:20:10.58957+00	2	ジフェンヒドラミン	2	[{"changed": {"fields": ["\\u4f5c\\u7528\\u306e\\u4ed5\\u65b9"]}}]	12	1
28	2021-05-01 05:20:21.914542+00	1	クロルフェニラミン	2	[{"changed": {"fields": ["\\u4f5c\\u7528\\u306e\\u4ed5\\u65b9"]}}]	12	1
29	2021-05-01 05:20:29.503552+00	9	ナファゾリン	2	[{"changed": {"fields": ["\\u4f5c\\u7528\\u306e\\u4ed5\\u65b9"]}}]	12	1
30	2021-05-01 05:20:51.272228+00	9	ナファゾリン	2	[{"changed": {"fields": ["\\u4f5c\\u7528\\u306e\\u4ed5\\u65b9"]}}]	12	1
31	2021-05-01 05:24:15.083745+00	10	ミドドリン	1	[{"added": {}}]	12	1
32	2021-05-01 05:25:29.156765+00	11	フェニレフリン	1	[{"added": {}}]	12	1
33	2021-05-01 05:27:54.397959+00	12	ジピぺフリン	1	[{"added": {}}]	12	1
34	2021-05-01 05:31:27.74643+00	3	吸引麻酔薬(薬理Ⅰ)	1	[{"added": {}}]	11	1
35	2021-05-01 05:32:20.423768+00	3	不明	1	[{"added": {}}]	10	1
36	2021-05-01 05:32:53.598307+00	13	セボフルラン	1	[{"added": {}}]	12	1
67	2021-05-01 05:36:26.354123+00	46	セボフルラン	1	[{"added": {}}]	12	1
68	2021-05-01 05:37:20.912137+00	13	セボフルラン	3		12	1
69	2021-05-01 05:46:35.147076+00	5	微生物学Ⅱ	2	[{"changed": {"fields": ["\\u8b1b\\u7fa9\\u5185\\u5bb9\\u306e\\u7d39\\u4ecb"]}}]	9	1
70	2021-05-01 05:47:26.380874+00	4	薬理学Ⅲ	2	[{"changed": {"fields": ["\\u8b1b\\u7fa9\\u5185\\u5bb9\\u306e\\u7d39\\u4ecb"]}}]	9	1
71	2021-05-01 05:47:56.779897+00	3	薬理学Ⅱ	2	[{"changed": {"fields": ["\\u8b1b\\u7fa9\\u5185\\u5bb9\\u306e\\u7d39\\u4ecb"]}}]	9	1
72	2021-05-01 05:48:25.999133+00	2	薬理学Ⅰ	2	[{"changed": {"fields": ["\\u8b1b\\u7fa9\\u5185\\u5bb9\\u306e\\u7d39\\u4ecb"]}}]	9	1
73	2021-05-01 05:48:31.583419+00	2	薬理学Ⅰ	2	[]	9	1
74	2021-05-01 05:50:16.870879+00	1	薬理学序論	2	[{"changed": {"fields": ["\\u8b1b\\u7fa9\\u5185\\u5bb9\\u306e\\u7d39\\u4ecb"]}}]	9	1
75	2021-05-01 05:51:23.542359+00	36	ペニシリン系	1	[{"added": {}}]	11	1
76	2021-05-01 05:52:13.379066+00	47	ペニシリンG	1	[{"added": {}}]	12	1
77	2021-05-01 05:52:28.307018+00	36	酵素阻害	1	[{"added": {}}]	10	1
78	2021-05-01 05:52:30.828505+00	47	ペニシリンG	2	[]	12	1
79	2021-05-01 05:52:35.025746+00	47	ペニシリンG	2	[{"changed": {"fields": ["\\u4f5c\\u7528\\u306e\\u4ed5\\u65b9"]}}]	12	1
\.


--
-- Data for Name: django_content_type; Type: TABLE DATA; Schema: public; Owner: postgres
--

COPY public.django_content_type (id, app_label, model) FROM stdin;
1	admin	logentry
2	auth	permission
3	auth	group
4	auth	user
5	contenttypes	contenttype
6	sessions	session
7	yakuri	grade
8	yakuri	season
9	yakuri	subject
10	yakuri	work
11	yakuri	fields
12	yakuri	detail
\.


--
-- Data for Name: django_migrations; Type: TABLE DATA; Schema: public; Owner: postgres
--

COPY public.django_migrations (id, app, name, applied) FROM stdin;
1	contenttypes	0001_initial	2021-05-01 03:55:51.795159+00
2	auth	0001_initial	2021-05-01 03:55:51.874589+00
3	admin	0001_initial	2021-05-01 03:55:51.990056+00
4	admin	0002_logentry_remove_auto_add	2021-05-01 03:55:52.020847+00
5	admin	0003_logentry_add_action_flag_choices	2021-05-01 03:55:52.039214+00
6	contenttypes	0002_remove_content_type_name	2021-05-01 03:55:52.079078+00
7	auth	0002_alter_permission_name_max_length	2021-05-01 03:55:52.092017+00
8	auth	0003_alter_user_email_max_length	2021-05-01 03:55:52.112219+00
9	auth	0004_alter_user_username_opts	2021-05-01 03:55:52.132116+00
10	auth	0005_alter_user_last_login_null	2021-05-01 03:55:52.149727+00
11	auth	0006_require_contenttypes_0002	2021-05-01 03:55:52.155412+00
12	auth	0007_alter_validators_add_error_messages	2021-05-01 03:55:52.175859+00
13	auth	0008_alter_user_username_max_length	2021-05-01 03:55:52.201823+00
14	auth	0009_alter_user_last_name_max_length	2021-05-01 03:55:52.222374+00
15	auth	0010_alter_group_name_max_length	2021-05-01 03:55:52.238274+00
16	auth	0011_update_proxy_permissions	2021-05-01 03:55:52.257129+00
17	sessions	0001_initial	2021-05-01 03:55:52.274665+00
18	yakuri	0001_initial	2021-05-01 03:55:52.384997+00
19	yakuri	0002_auto_20210501_1444	2021-05-01 05:44:14.261836+00
\.


--
-- Data for Name: django_session; Type: TABLE DATA; Schema: public; Owner: postgres
--

COPY public.django_session (session_key, session_data, expire_date) FROM stdin;
k488esuhu2ncp6l9b4cwbv7lc7310bmo	YWVmMWI0NTA4YWVmZTMwMWY0OWE2OTUzOTEwN2ZjYTM4NGI3NTg3ODp7Il9hdXRoX3VzZXJfaWQiOiIxIiwiX2F1dGhfdXNlcl9iYWNrZW5kIjoiZGphbmdvLmNvbnRyaWIuYXV0aC5iYWNrZW5kcy5Nb2RlbEJhY2tlbmQiLCJfYXV0aF91c2VyX2hhc2giOiI2Njc5YTQ2YTcyNThlMTU4NmNkOTI4ZGY4MGI4NjExMjkzNDZmYmVmIn0=	2021-05-15 04:49:56.071992+00
\.


--
-- Data for Name: yakuri_detail; Type: TABLE DATA; Schema: public; Owner: postgres
--

COPY public.yakuri_detail (id, name, target, detail, structure, field_id, grade_id, season_id, work_id) FROM stdin;
3	ジメンヒドリナート	ヒスタミンH1受容体	ジフェンヒドラミンと8-クロルテオフィリンの塩		1	1	1	2
4	エピナスチン	ヒスタミンH1受容体	BBB通過しにくい\r\nケミカルメディエーター遊離阻害作用		1	1	1	2
5	メキタジン	ヒスタミンH1受容体	BBB通過しにくい\r\nケミカルメディエーター遊離阻害作用		1	1	1	2
6	フェキソフェナジン	ヒスタミンH1受容体	BBB通過しにくい ケミカルメディエーター遊離阻害作用		1	1	1	2
7	ケトチフェン	ヒスタミンH1受容体	中枢作用あり、ケミカルメディエーター遊離阻害		1	1	1	2
8	オキサトミド	ヒスタミンH1受容体	BBB通過しにくい ケミカルメディエーター遊離阻害作用		1	1	1	2
2	ジフェンヒドラミン	ヒスタミンH1受容体	抗コリン作用あり		1	1	1	2
1	クロルフェニラミン	ヒスタミンH1受容体	抗コリン作用あり		1	1	1	2
9	ナファゾリン	アドレナリンα受容体	α非選択的刺激		2	1	1	1
10	ミドドリン	アドレナリンα1受容体			2	1	1	1
11	フェニレフリン	アドレナリンα1受容体	麻酔との併用\r\n点鼻血管収縮剤		2	1	1	1
12	ジピぺフリン	アドレナリンα1受容体	毛様体動脈収縮\r\n→眼房水産生抑制		2	1	1	1
46	セボフルラン	作用機序不明	亜酸化窒素と併用		3	1	1	3
47	ペニシリンG	PBP(微生物)	梅毒トレポネーマの第一選択		36	1	2	36
\.


--
-- Data for Name: yakuri_fields; Type: TABLE DATA; Schema: public; Owner: postgres
--

COPY public.yakuri_fields (id, fields, subject_id) FROM stdin;
1	抗ヒスタミン薬(薬理学序論)	1
2	交感神経関連薬(序論)	1
3	吸引麻酔薬(薬理Ⅰ)	2
36	ペニシリン系	5
\.


--
-- Data for Name: yakuri_grade; Type: TABLE DATA; Schema: public; Owner: postgres
--

COPY public.yakuri_grade (id, grades) FROM stdin;
1	2年生
2	3年生
\.


--
-- Data for Name: yakuri_season; Type: TABLE DATA; Schema: public; Owner: postgres
--

COPY public.yakuri_season (id, seasons) FROM stdin;
1	前期(春)
2	後期(秋)
\.


--
-- Data for Name: yakuri_subject; Type: TABLE DATA; Schema: public; Owner: postgres
--

COPY public.yakuri_subject (id, subjects, subinfo) FROM stdin;
5	微生物学Ⅱ	感染症治療の基本となる抗菌薬・抗ウイルス薬について学びます\r\n作用機序・抗菌スペクトルの特徴を整理していきましょう
4	薬理学Ⅲ	循環器系・血液系・免疫系に作用する薬を中心に学んで行きます。
3	薬理学Ⅱ	消化器系・代謝系の薬物について学んで行きます
2	薬理学Ⅰ	中枢神経系・内分泌系の薬物について学んで行きます
1	薬理学序論	自律神経・アレルギーの医薬品について学んで行きます\r\n聞きなれない用語も多く大変でしょうが、ここで基本を身に着けると後で非常に大きな武器になります。\r\n薬理学のの入り口です。楽しんで学んでいきましょう
\.


--
-- Data for Name: yakuri_work; Type: TABLE DATA; Schema: public; Owner: postgres
--

COPY public.yakuri_work (id, works) FROM stdin;
1	刺激
2	遮断
3	不明
36	酵素阻害
\.


--
-- Name: auth_group_id_seq; Type: SEQUENCE SET; Schema: public; Owner: postgres
--

SELECT pg_catalog.setval('public.auth_group_id_seq', 1, false);


--
-- Name: auth_group_permissions_id_seq; Type: SEQUENCE SET; Schema: public; Owner: postgres
--

SELECT pg_catalog.setval('public.auth_group_permissions_id_seq', 1, false);


--
-- Name: auth_permission_id_seq; Type: SEQUENCE SET; Schema: public; Owner: postgres
--

SELECT pg_catalog.setval('public.auth_permission_id_seq', 48, true);


--
-- Name: auth_user_groups_id_seq; Type: SEQUENCE SET; Schema: public; Owner: postgres
--

SELECT pg_catalog.setval('public.auth_user_groups_id_seq', 1, false);


--
-- Name: auth_user_id_seq; Type: SEQUENCE SET; Schema: public; Owner: postgres
--

SELECT pg_catalog.setval('public.auth_user_id_seq', 1, true);


--
-- Name: auth_user_user_permissions_id_seq; Type: SEQUENCE SET; Schema: public; Owner: postgres
--

SELECT pg_catalog.setval('public.auth_user_user_permissions_id_seq', 1, false);


--
-- Name: django_admin_log_id_seq; Type: SEQUENCE SET; Schema: public; Owner: postgres
--

SELECT pg_catalog.setval('public.django_admin_log_id_seq', 79, true);


--
-- Name: django_content_type_id_seq; Type: SEQUENCE SET; Schema: public; Owner: postgres
--

SELECT pg_catalog.setval('public.django_content_type_id_seq', 12, true);


--
-- Name: django_migrations_id_seq; Type: SEQUENCE SET; Schema: public; Owner: postgres
--

SELECT pg_catalog.setval('public.django_migrations_id_seq', 19, true);


--
-- Name: yakuri_detail_id_seq; Type: SEQUENCE SET; Schema: public; Owner: postgres
--

SELECT pg_catalog.setval('public.yakuri_detail_id_seq', 47, true);


--
-- Name: yakuri_fields_id_seq; Type: SEQUENCE SET; Schema: public; Owner: postgres
--

SELECT pg_catalog.setval('public.yakuri_fields_id_seq', 36, true);


--
-- Name: yakuri_grade_id_seq; Type: SEQUENCE SET; Schema: public; Owner: postgres
--

SELECT pg_catalog.setval('public.yakuri_grade_id_seq', 2, true);


--
-- Name: yakuri_season_id_seq; Type: SEQUENCE SET; Schema: public; Owner: postgres
--

SELECT pg_catalog.setval('public.yakuri_season_id_seq', 2, true);


--
-- Name: yakuri_subject_id_seq; Type: SEQUENCE SET; Schema: public; Owner: postgres
--

SELECT pg_catalog.setval('public.yakuri_subject_id_seq', 5, true);


--
-- Name: yakuri_work_id_seq; Type: SEQUENCE SET; Schema: public; Owner: postgres
--

SELECT pg_catalog.setval('public.yakuri_work_id_seq', 36, true);


--
-- Name: auth_group auth_group_name_key; Type: CONSTRAINT; Schema: public; Owner: postgres
--

ALTER TABLE ONLY public.auth_group
    ADD CONSTRAINT auth_group_name_key UNIQUE (name);


--
-- Name: auth_group_permissions auth_group_permissions_group_id_permission_id_0cd325b0_uniq; Type: CONSTRAINT; Schema: public; Owner: postgres
--

ALTER TABLE ONLY public.auth_group_permissions
    ADD CONSTRAINT auth_group_permissions_group_id_permission_id_0cd325b0_uniq UNIQUE (group_id, permission_id);


--
-- Name: auth_group_permissions auth_group_permissions_pkey; Type: CONSTRAINT; Schema: public; Owner: postgres
--

ALTER TABLE ONLY public.auth_group_permissions
    ADD CONSTRAINT auth_group_permissions_pkey PRIMARY KEY (id);


--
-- Name: auth_group auth_group_pkey; Type: CONSTRAINT; Schema: public; Owner: postgres
--

ALTER TABLE ONLY public.auth_group
    ADD CONSTRAINT auth_group_pkey PRIMARY KEY (id);


--
-- Name: auth_permission auth_permission_content_type_id_codename_01ab375a_uniq; Type: CONSTRAINT; Schema: public; Owner: postgres
--

ALTER TABLE ONLY public.auth_permission
    ADD CONSTRAINT auth_permission_content_type_id_codename_01ab375a_uniq UNIQUE (content_type_id, codename);


--
-- Name: auth_permission auth_permission_pkey; Type: CONSTRAINT; Schema: public; Owner: postgres
--

ALTER TABLE ONLY public.auth_permission
    ADD CONSTRAINT auth_permission_pkey PRIMARY KEY (id);


--
-- Name: auth_user_groups auth_user_groups_pkey; Type: CONSTRAINT; Schema: public; Owner: postgres
--

ALTER TABLE ONLY public.auth_user_groups
    ADD CONSTRAINT auth_user_groups_pkey PRIMARY KEY (id);


--
-- Name: auth_user_groups auth_user_groups_user_id_group_id_94350c0c_uniq; Type: CONSTRAINT; Schema: public; Owner: postgres
--

ALTER TABLE ONLY public.auth_user_groups
    ADD CONSTRAINT auth_user_groups_user_id_group_id_94350c0c_uniq UNIQUE (user_id, group_id);


--
-- Name: auth_user auth_user_pkey; Type: CONSTRAINT; Schema: public; Owner: postgres
--

ALTER TABLE ONLY public.auth_user
    ADD CONSTRAINT auth_user_pkey PRIMARY KEY (id);


--
-- Name: auth_user_user_permissions auth_user_user_permissions_pkey; Type: CONSTRAINT; Schema: public; Owner: postgres
--

ALTER TABLE ONLY public.auth_user_user_permissions
    ADD CONSTRAINT auth_user_user_permissions_pkey PRIMARY KEY (id);


--
-- Name: auth_user_user_permissions auth_user_user_permissions_user_id_permission_id_14a6b632_uniq; Type: CONSTRAINT; Schema: public; Owner: postgres
--

ALTER TABLE ONLY public.auth_user_user_permissions
    ADD CONSTRAINT auth_user_user_permissions_user_id_permission_id_14a6b632_uniq UNIQUE (user_id, permission_id);


--
-- Name: auth_user auth_user_username_key; Type: CONSTRAINT; Schema: public; Owner: postgres
--

ALTER TABLE ONLY public.auth_user
    ADD CONSTRAINT auth_user_username_key UNIQUE (username);


--
-- Name: django_admin_log django_admin_log_pkey; Type: CONSTRAINT; Schema: public; Owner: postgres
--

ALTER TABLE ONLY public.django_admin_log
    ADD CONSTRAINT django_admin_log_pkey PRIMARY KEY (id);


--
-- Name: django_content_type django_content_type_app_label_model_76bd3d3b_uniq; Type: CONSTRAINT; Schema: public; Owner: postgres
--

ALTER TABLE ONLY public.django_content_type
    ADD CONSTRAINT django_content_type_app_label_model_76bd3d3b_uniq UNIQUE (app_label, model);


--
-- Name: django_content_type django_content_type_pkey; Type: CONSTRAINT; Schema: public; Owner: postgres
--

ALTER TABLE ONLY public.django_content_type
    ADD CONSTRAINT django_content_type_pkey PRIMARY KEY (id);


--
-- Name: django_migrations django_migrations_pkey; Type: CONSTRAINT; Schema: public; Owner: postgres
--

ALTER TABLE ONLY public.django_migrations
    ADD CONSTRAINT django_migrations_pkey PRIMARY KEY (id);


--
-- Name: django_session django_session_pkey; Type: CONSTRAINT; Schema: public; Owner: postgres
--

ALTER TABLE ONLY public.django_session
    ADD CONSTRAINT django_session_pkey PRIMARY KEY (session_key);


--
-- Name: yakuri_detail field_name; Type: CONSTRAINT; Schema: public; Owner: postgres
--

ALTER TABLE ONLY public.yakuri_detail
    ADD CONSTRAINT field_name UNIQUE (field_id, name);


--
-- Name: yakuri_fields subjects_fields_unique; Type: CONSTRAINT; Schema: public; Owner: postgres
--

ALTER TABLE ONLY public.yakuri_fields
    ADD CONSTRAINT subjects_fields_unique UNIQUE (subject_id, fields);


--
-- Name: yakuri_detail yakuri_detail_pkey; Type: CONSTRAINT; Schema: public; Owner: postgres
--

ALTER TABLE ONLY public.yakuri_detail
    ADD CONSTRAINT yakuri_detail_pkey PRIMARY KEY (id);


--
-- Name: yakuri_fields yakuri_fields_fields_key; Type: CONSTRAINT; Schema: public; Owner: postgres
--

ALTER TABLE ONLY public.yakuri_fields
    ADD CONSTRAINT yakuri_fields_fields_key UNIQUE (fields);


--
-- Name: yakuri_fields yakuri_fields_pkey; Type: CONSTRAINT; Schema: public; Owner: postgres
--

ALTER TABLE ONLY public.yakuri_fields
    ADD CONSTRAINT yakuri_fields_pkey PRIMARY KEY (id);


--
-- Name: yakuri_grade yakuri_grade_pkey; Type: CONSTRAINT; Schema: public; Owner: postgres
--

ALTER TABLE ONLY public.yakuri_grade
    ADD CONSTRAINT yakuri_grade_pkey PRIMARY KEY (id);


--
-- Name: yakuri_season yakuri_season_pkey; Type: CONSTRAINT; Schema: public; Owner: postgres
--

ALTER TABLE ONLY public.yakuri_season
    ADD CONSTRAINT yakuri_season_pkey PRIMARY KEY (id);


--
-- Name: yakuri_subject yakuri_subject_pkey; Type: CONSTRAINT; Schema: public; Owner: postgres
--

ALTER TABLE ONLY public.yakuri_subject
    ADD CONSTRAINT yakuri_subject_pkey PRIMARY KEY (id);


--
-- Name: yakuri_work yakuri_work_pkey; Type: CONSTRAINT; Schema: public; Owner: postgres
--

ALTER TABLE ONLY public.yakuri_work
    ADD CONSTRAINT yakuri_work_pkey PRIMARY KEY (id);


--
-- Name: auth_group_name_a6ea08ec_like; Type: INDEX; Schema: public; Owner: postgres
--

CREATE INDEX auth_group_name_a6ea08ec_like ON public.auth_group USING btree (name varchar_pattern_ops);


--
-- Name: auth_group_permissions_group_id_b120cbf9; Type: INDEX; Schema: public; Owner: postgres
--

CREATE INDEX auth_group_permissions_group_id_b120cbf9 ON public.auth_group_permissions USING btree (group_id);


--
-- Name: auth_group_permissions_permission_id_84c5c92e; Type: INDEX; Schema: public; Owner: postgres
--

CREATE INDEX auth_group_permissions_permission_id_84c5c92e ON public.auth_group_permissions USING btree (permission_id);


--
-- Name: auth_permission_content_type_id_2f476e4b; Type: INDEX; Schema: public; Owner: postgres
--

CREATE INDEX auth_permission_content_type_id_2f476e4b ON public.auth_permission USING btree (content_type_id);


--
-- Name: auth_user_groups_group_id_97559544; Type: INDEX; Schema: public; Owner: postgres
--

CREATE INDEX auth_user_groups_group_id_97559544 ON public.auth_user_groups USING btree (group_id);


--
-- Name: auth_user_groups_user_id_6a12ed8b; Type: INDEX; Schema: public; Owner: postgres
--

CREATE INDEX auth_user_groups_user_id_6a12ed8b ON public.auth_user_groups USING btree (user_id);


--
-- Name: auth_user_user_permissions_permission_id_1fbb5f2c; Type: INDEX; Schema: public; Owner: postgres
--

CREATE INDEX auth_user_user_permissions_permission_id_1fbb5f2c ON public.auth_user_user_permissions USING btree (permission_id);


--
-- Name: auth_user_user_permissions_user_id_a95ead1b; Type: INDEX; Schema: public; Owner: postgres
--

CREATE INDEX auth_user_user_permissions_user_id_a95ead1b ON public.auth_user_user_permissions USING btree (user_id);


--
-- Name: auth_user_username_6821ab7c_like; Type: INDEX; Schema: public; Owner: postgres
--

CREATE INDEX auth_user_username_6821ab7c_like ON public.auth_user USING btree (username varchar_pattern_ops);


--
-- Name: django_admin_log_content_type_id_c4bce8eb; Type: INDEX; Schema: public; Owner: postgres
--

CREATE INDEX django_admin_log_content_type_id_c4bce8eb ON public.django_admin_log USING btree (content_type_id);


--
-- Name: django_admin_log_user_id_c564eba6; Type: INDEX; Schema: public; Owner: postgres
--

CREATE INDEX django_admin_log_user_id_c564eba6 ON public.django_admin_log USING btree (user_id);


--
-- Name: django_session_expire_date_a5c62663; Type: INDEX; Schema: public; Owner: postgres
--

CREATE INDEX django_session_expire_date_a5c62663 ON public.django_session USING btree (expire_date);


--
-- Name: django_session_session_key_c0390e0f_like; Type: INDEX; Schema: public; Owner: postgres
--

CREATE INDEX django_session_session_key_c0390e0f_like ON public.django_session USING btree (session_key varchar_pattern_ops);


--
-- Name: yakuri_detail_field_id_8aa4285f; Type: INDEX; Schema: public; Owner: postgres
--

CREATE INDEX yakuri_detail_field_id_8aa4285f ON public.yakuri_detail USING btree (field_id);


--
-- Name: yakuri_detail_grade_id_4c1d9abd; Type: INDEX; Schema: public; Owner: postgres
--

CREATE INDEX yakuri_detail_grade_id_4c1d9abd ON public.yakuri_detail USING btree (grade_id);


--
-- Name: yakuri_detail_season_id_cd913b36; Type: INDEX; Schema: public; Owner: postgres
--

CREATE INDEX yakuri_detail_season_id_cd913b36 ON public.yakuri_detail USING btree (season_id);


--
-- Name: yakuri_detail_work_id_090c5360; Type: INDEX; Schema: public; Owner: postgres
--

CREATE INDEX yakuri_detail_work_id_090c5360 ON public.yakuri_detail USING btree (work_id);


--
-- Name: yakuri_fields_fields_f53c1d3b_like; Type: INDEX; Schema: public; Owner: postgres
--

CREATE INDEX yakuri_fields_fields_f53c1d3b_like ON public.yakuri_fields USING btree (fields varchar_pattern_ops);


--
-- Name: yakuri_fields_subject_id_6eaa592b; Type: INDEX; Schema: public; Owner: postgres
--

CREATE INDEX yakuri_fields_subject_id_6eaa592b ON public.yakuri_fields USING btree (subject_id);


--
-- Name: auth_group_permissions auth_group_permissio_permission_id_84c5c92e_fk_auth_perm; Type: FK CONSTRAINT; Schema: public; Owner: postgres
--

ALTER TABLE ONLY public.auth_group_permissions
    ADD CONSTRAINT auth_group_permissio_permission_id_84c5c92e_fk_auth_perm FOREIGN KEY (permission_id) REFERENCES public.auth_permission(id) DEFERRABLE INITIALLY DEFERRED;


--
-- Name: auth_group_permissions auth_group_permissions_group_id_b120cbf9_fk_auth_group_id; Type: FK CONSTRAINT; Schema: public; Owner: postgres
--

ALTER TABLE ONLY public.auth_group_permissions
    ADD CONSTRAINT auth_group_permissions_group_id_b120cbf9_fk_auth_group_id FOREIGN KEY (group_id) REFERENCES public.auth_group(id) DEFERRABLE INITIALLY DEFERRED;


--
-- Name: auth_permission auth_permission_content_type_id_2f476e4b_fk_django_co; Type: FK CONSTRAINT; Schema: public; Owner: postgres
--

ALTER TABLE ONLY public.auth_permission
    ADD CONSTRAINT auth_permission_content_type_id_2f476e4b_fk_django_co FOREIGN KEY (content_type_id) REFERENCES public.django_content_type(id) DEFERRABLE INITIALLY DEFERRED;


--
-- Name: auth_user_groups auth_user_groups_group_id_97559544_fk_auth_group_id; Type: FK CONSTRAINT; Schema: public; Owner: postgres
--

ALTER TABLE ONLY public.auth_user_groups
    ADD CONSTRAINT auth_user_groups_group_id_97559544_fk_auth_group_id FOREIGN KEY (group_id) REFERENCES public.auth_group(id) DEFERRABLE INITIALLY DEFERRED;


--
-- Name: auth_user_groups auth_user_groups_user_id_6a12ed8b_fk_auth_user_id; Type: FK CONSTRAINT; Schema: public; Owner: postgres
--

ALTER TABLE ONLY public.auth_user_groups
    ADD CONSTRAINT auth_user_groups_user_id_6a12ed8b_fk_auth_user_id FOREIGN KEY (user_id) REFERENCES public.auth_user(id) DEFERRABLE INITIALLY DEFERRED;


--
-- Name: auth_user_user_permissions auth_user_user_permi_permission_id_1fbb5f2c_fk_auth_perm; Type: FK CONSTRAINT; Schema: public; Owner: postgres
--

ALTER TABLE ONLY public.auth_user_user_permissions
    ADD CONSTRAINT auth_user_user_permi_permission_id_1fbb5f2c_fk_auth_perm FOREIGN KEY (permission_id) REFERENCES public.auth_permission(id) DEFERRABLE INITIALLY DEFERRED;


--
-- Name: auth_user_user_permissions auth_user_user_permissions_user_id_a95ead1b_fk_auth_user_id; Type: FK CONSTRAINT; Schema: public; Owner: postgres
--

ALTER TABLE ONLY public.auth_user_user_permissions
    ADD CONSTRAINT auth_user_user_permissions_user_id_a95ead1b_fk_auth_user_id FOREIGN KEY (user_id) REFERENCES public.auth_user(id) DEFERRABLE INITIALLY DEFERRED;


--
-- Name: django_admin_log django_admin_log_content_type_id_c4bce8eb_fk_django_co; Type: FK CONSTRAINT; Schema: public; Owner: postgres
--

ALTER TABLE ONLY public.django_admin_log
    ADD CONSTRAINT django_admin_log_content_type_id_c4bce8eb_fk_django_co FOREIGN KEY (content_type_id) REFERENCES public.django_content_type(id) DEFERRABLE INITIALLY DEFERRED;


--
-- Name: django_admin_log django_admin_log_user_id_c564eba6_fk_auth_user_id; Type: FK CONSTRAINT; Schema: public; Owner: postgres
--

ALTER TABLE ONLY public.django_admin_log
    ADD CONSTRAINT django_admin_log_user_id_c564eba6_fk_auth_user_id FOREIGN KEY (user_id) REFERENCES public.auth_user(id) DEFERRABLE INITIALLY DEFERRED;


--
-- Name: yakuri_detail yakuri_detail_field_id_8aa4285f_fk_yakuri_fields_id; Type: FK CONSTRAINT; Schema: public; Owner: postgres
--

ALTER TABLE ONLY public.yakuri_detail
    ADD CONSTRAINT yakuri_detail_field_id_8aa4285f_fk_yakuri_fields_id FOREIGN KEY (field_id) REFERENCES public.yakuri_fields(id) DEFERRABLE INITIALLY DEFERRED;


--
-- Name: yakuri_detail yakuri_detail_grade_id_4c1d9abd_fk_yakuri_grade_id; Type: FK CONSTRAINT; Schema: public; Owner: postgres
--

ALTER TABLE ONLY public.yakuri_detail
    ADD CONSTRAINT yakuri_detail_grade_id_4c1d9abd_fk_yakuri_grade_id FOREIGN KEY (grade_id) REFERENCES public.yakuri_grade(id) DEFERRABLE INITIALLY DEFERRED;


--
-- Name: yakuri_detail yakuri_detail_season_id_cd913b36_fk_yakuri_season_id; Type: FK CONSTRAINT; Schema: public; Owner: postgres
--

ALTER TABLE ONLY public.yakuri_detail
    ADD CONSTRAINT yakuri_detail_season_id_cd913b36_fk_yakuri_season_id FOREIGN KEY (season_id) REFERENCES public.yakuri_season(id) DEFERRABLE INITIALLY DEFERRED;


--
-- Name: yakuri_detail yakuri_detail_work_id_090c5360_fk_yakuri_work_id; Type: FK CONSTRAINT; Schema: public; Owner: postgres
--

ALTER TABLE ONLY public.yakuri_detail
    ADD CONSTRAINT yakuri_detail_work_id_090c5360_fk_yakuri_work_id FOREIGN KEY (work_id) REFERENCES public.yakuri_work(id) DEFERRABLE INITIALLY DEFERRED;


--
-- Name: yakuri_fields yakuri_fields_subject_id_6eaa592b_fk_yakuri_subject_id; Type: FK CONSTRAINT; Schema: public; Owner: postgres
--

ALTER TABLE ONLY public.yakuri_fields
    ADD CONSTRAINT yakuri_fields_subject_id_6eaa592b_fk_yakuri_subject_id FOREIGN KEY (subject_id) REFERENCES public.yakuri_subject(id) DEFERRABLE INITIALLY DEFERRED;


--
-- Name: SCHEMA public; Type: ACL; Schema: -; Owner: postgres
--

GRANT ALL ON SCHEMA public TO PUBLIC;


--
-- PostgreSQL database dump complete
--

